id,name,aoi,class,x,y
53219854,GH0307096,9,1,0.0515,8.5175
58932927,GH0639733,15,1,0.4715,6.1975
59611281,GH0690619,15,1,0.3665,5.8925
55837806,GH0444779,11,1,-1.2335,7.4775
47130211,GH0014501,1,1,-2.7935,10.8825
48889532,GH0096116,2,1,-0.7085,10.2025
53308337,GH0311150,7,1,-1.8185,8.4825
57895644,GH0568741,12,1,0.4315,6.6375
50534893,GH0175625,2,1,-0.7035,9.5675
49760373,GH0138184,2,1,-0.9435,9.8675
59190953,GH0659377,15,1,0.9315,6.0825
48758898,GH0089895,3,1,-0.5285,10.2525
54119711,GH0351956,7,1,-1.6385,8.1625
50728208,GH0184474,5,1,-1.1885,9.4925
54447454,GH0368970,9,1,0.1365,8.0325
49488373,GH0125220,3,1,-0.1935,9.9725
50470347,GH0172436,2,1,-1.0135,9.5925
50199576,GH0159322,2,1,-0.9185,9.6975
55049501,GH0400971,7,1,-1.9385,7.7925
53791106,GH0335884,9,1,-0.0885,8.2925
49163250,GH0109303,2,1,-0.8885,10.0975
57362458,GH0535084,12,1,0.3565,6.8575
56740623,GH0497447,12,1,0.4865,7.1125
47332757,GH0023856,2,1,-1.5235,10.8025
47294898,GH0022284,2,1,-0.8335,10.8175
55199965,GH0409466,8,1,-1.0985,7.7325
50702641,GH0183491,6,1,-0.1135,9.5025
51191335,GH0207456,5,1,-0.8635,9.3125
48222225,GH0064227,2,1,-1.1235,10.4575
50431736,GH0170626,2,1,-0.6235,9.6075
48339757,GH0069715,2,1,-0.6535,10.4125
48444729,GH0074571,2,1,-1.0535,10.3725
54006407,GH0346663,9,1,0.2215,8.2075
47949186,GH0051370,1,1,-1.9985,10.5625
56911592,GH0507425,11,1,-0.8435,7.0425
46878604,BF0789344,1,1,-2.0985,10.9825
55725364,GH0438444,10,1,-1.8885,7.5225
55075016,GH0402812,9,1,0.3515,7.7825
49007051,GH0101910,3,1,-0.0785,10.1575
55337463,GH0417128,8,1,-1.0735,7.6775
47396495,TG0009229,3,1,-0.0485,10.7775
55974447,GH0452084,10,1,-2.7835,7.4225
56911340,GH0507173,10,1,-2.1035,7.0425
55412105,GH0421081,7,1,-2.1785,7.6475
53575615,GH0325021,9,1,0.4865,8.3775
57118709,GH0519684,10,1,-2.2435,6.9575
53511608,GH0321288,7,1,-2.0785,8.4025
47408681,GH0027008,1,1,-2.7935,10.7725
55449856,GH0423396,8,1,-1.0685,7.6325
52762172,GH0285115,6,1,-0.3885,8.6975
56049386,GH0456561,11,1,-1.3685,7.3925
51281307,GH0212130,6,1,-0.2135,9.2775
49527080,GH0126875,2,1,-1.2635,9.9575
50328504,GH0165546,2,1,-0.9985,9.6475
56580741,GH0487603,10,1,-1.5785,7.1775
48628240,GH0083622,3,1,-0.0535,10.3025
53321498,GH0312240,9,1,0.4515,8.4775
56789280,GH0500043,11,1,-1.0935,7.0925
50289911,GH0163762,2,1,-0.5585,9.6625
56173416,GH0463633,10,1,-2.0835,7.3425
59808979,GH0705035,15,1,0.2715,5.8025
47677904,GH0039135,1,1,-1.8935,10.6675
47370857,GH0025630,2,1,-1.1785,10.7875
55049946,GH0401416,9,1,0.2865,7.7925
50934561,GH0194655,6,1,0.1165,9.4125
55825622,GH0444368,12,1,0.1665,7.4825
59633305,GH0692254,15,1,0.4915,5.8825
55162222,GH0407197,7,1,-2.0185,7.7475
55062067,GH0401698,7,1,-1.7585,7.7875
50779825,GH0186973,5,1,-0.8535,9.4725
48392375,GH0072268,3,1,-0.0485,10.3925
50367299,GH0167534,3,1,-0.4285,9.6325
59212680,GH0660528,13,1,-1.7935,6.0725
55349768,GH0417652,7,1,-1.9285,7.6725
60547107,GH0745369,16,1,-0.6935,5.4575
59655254,GH0693817,15,1,0.2615,5.8725
55887517,GH0447423,10,1,-1.8135,7.4575
50818442,GH0188750,5,1,-1.1535,9.4575
57641366,GH0552429,12,1,-0.0035,6.7425
49475203,GH0124408,2,1,-1.1435,9.9775
50908830,GH0193366,6,1,0.1165,9.4225
52227564,GH0259540,6,1,0.1365,8.9075
57410734,GH0537799,11,1,-1.0435,6.8375
55512395,GH0426775,7,1,-1.6335,7.6075
50366856,GH0167091,1,1,-2.6435,9.6325
56061754,GH0457195,10,1,-1.7535,7.3875
50818712,GH0189020,6,1,0.1965,9.4575
47511126,GH0031844,2,1,-1.3185,10.7325
51626712,GH0229220,5,1,-1.4735,9.1425
58704980,GH0623002,15,1,0.5865,6.2975
57968013,GH0573367,12,1,0.1815,6.6075
59874625,GH0709717,15,1,0.0115,5.7725
46765550,BF0780871,2,1,-1.1085,11.0275
56838433,GH0503177,12,1,-0.0035,7.0725
55837706,GH0444679,10,1,-1.7335,7.4775
56247845,GH0468103,11,1,-1.4935,7.3125
54459683,GH0369283,7,1,-1.5685,8.0275
53816392,GH0337119,9,1,-0.3635,8.2825
59268677,GH0665152,15,1,0.2715,6.0475
55912403,GH0448791,10,1,-1.8885,7.4475
47409224,GH0027551,3,1,-0.0785,10.7725
54485172,GH0370949,9,1,0.1965,8.0175
52876784,GH0290583,6,1,0.0165,8.6525
54409356,GH0366647,7,1,-1.7735,8.0475
47962006,GH0051831,1,1,-2.6685,10.5575
47269535,GH0021106,2,1,-1.0135,10.8275
51805769,GH0238274,4,1,-1.5435,9.0725
57641361,GH0552424,12,1,-0.0285,6.7425
55675308,GH0435656,7,1,-2.0585,7.5425
58064466,GH0579687,12,1,0.3615,6.5675
59357208,GH0671621,14,1,-0.6885,6.0075
61459695,GH0779092,16,1,-2.6835,5.0075
60111134,GH0723303,13,1,-2.4685,5.6625
47677911,GH0039142,1,1,-1.8585,10.6675
55487366,GH0425418,8,1,-1.4385,7.6175
55524709,GH0427244,7,1,-2.7585,7.6025
53422682,GH0316846,7,1,-1.9785,8.4375
60282469,GH0732819,14,1,-0.5485,5.5825
55199715,GH0409216,7,1,-2.3485,7.7325
49124380,GH0107616,3,1,0.1215,10.1125
50664042,TG0051823,6,1,0.3465,9.5175
47383607,GH0026257,2,1,-0.8835,10.7825
54195374,GH0355823,7,1,-1.6435,8.1325
54082189,GH0350371,9,1,0.0615,8.1775
53562505,GH0323962,7,1,-1.5835,8.3825
47017129,GH0009774,2,1,-1.1685,10.9275
49786461,GH0139628,3,1,0.0565,9.8575
49747442,GH0137577,2,1,-0.8685,9.8725
56322055,GH0472478,11,1,-1.3935,7.2825
54233502,GH0358054,9,1,-0.1085,8.1175
51703568,GH0233241,5,1,-0.8285,9.1125
51933937,GH0244998,6,1,-0.1835,9.0225
56494673,GH0482554,11,1,-1.5185,7.2125
51024589,GH0199242,6,1,0.3665,9.3775
48928635,GH0097968,2,1,-0.8885,10.1875
53993555,GH0345837,8,1,-0.8135,8.2125
46840771,GH0002480,1,1,-2.6935,10.9975
46803011,BF0783801,1,1,-2.7785,11.0125
54484840,GH0370617,8,1,-1.4635,8.0175
59090449,GH0651685,15,1,1.0065,6.1275
49838072,GH0141964,2,1,-0.6735,9.8375
48993460,BF0872820,1,1,-2.8385,10.1625
49150410,GH0108854,3,1,0.0115,10.1025
57009178,GH0513290,11,1,-1.1785,7.0025
56850439,GH0503686,11,1,-1.1135,7.0675
50380087,GH0168053,2,1,-0.9585,9.6275
49150203,GH0108647,2,1,-1.0235,10.1025
50844263,GH0190032,5,1,-0.9035,9.4475
52609133,GH0277701,4,1,-1.8135,8.7575
55487246,GH0425298,7,1,-2.0385,7.6175
53917418,GH0341873,7,1,-1.8985,8.2425
48365966,GH0070886,2,1,-0.7785,10.4025
49046240,GH0103878,3,1,0.3265,10.1425
47067517,GH0012012,2,1,-1.1385,10.9075
53765833,GH0334664,9,1,0.2715,8.3025
50186755,GH0158769,2,1,-0.5485,9.7025
49605133,GH0130890,3,1,0.0065,9.9275
47206312,GH0018262,2,1,-1.0085,10.8525
56173531,GH0463748,11,1,-1.5085,7.3425
52023480,GH0249494,6,1,0.3415,8.9875
53740419,GH0333303,9,1,-0.0635,8.3125
52953047,GH0294155,6,1,-0.1735,8.6225
55625122,GH0432799,7,1,-2.5685,7.5625
56011751,GH0454159,10,1,-2.8635,7.4075
49656527,GH0132950,1,1,-2.1835,9.9075
55049407,GH0400877,7,1,-2.4085,7.7925
47345606,GH0024602,2,1,-0.6385,10.7975
58875681,GH0634940,13,1,-2.5135,6.2225
48209413,GH0063835,3,1,-0.0585,10.4625
56358824,GH0474370,10,1,-2.7935,7.2675
53473989,GH0319865,9,1,0.3915,8.4175
47639249,GH0037391,1,1,-2.0835,10.6825
49656971,GH0133394,3,1,0.0365,9.9075
50212413,GH0159890,2,1,-1.2135,9.6925
51396603,GH0217836,6,1,-0.2535,9.2325
55750448,GH0439916,11,1,-1.4085,7.5125
55850134,GH0445336,10,1,-1.8985,7.4725
57252858,GH0528104,11,1,-0.8685,6.9025
52991153,GH0295939,6,1,-0.3185,8.6075
52329123,GH0264273,5,1,-1.3885,8.8675
59224354,GH0661921,15,1,0.9415,6.0675
60239628,GH0730450,13,1,-1.5935,5.6025
56198231,GH0465114,10,1,-1.9285,7.3325
59885507,GH0710430,15,1,-0.1485,5.7675
51307031,GH0213471,6,1,0.1215,9.2675
59423849,GH0676804,15,1,0.4615,5.9775
50663994,GH0181748,6,1,0.1065,9.5175
51601307,GH0228100,5,1,-0.6035,9.1525
48850233,GH0094100,2,1,-1.3735,10.2175
55775260,GH0441138,10,1,-2.1885,7.5025
46991728,GH0008431,1,1,-2.3235,10.9375
55549885,GH0428713,7,1,-2.3285,7.5925
55049470,GH0400940,7,1,-2.0935,7.7925
51075704,GH0201551,5,1,-1.0585,9.3575
59011902,GH0645685,15,1,0.8415,6.1625
48405396,GH0072778,2,1,-0.6285,10.3875
46891249,GH0004128,1,1,-1.7285,10.9775
50057403,GH0152157,1,1,-2.4285,9.7525
55999566,GH0453720,10,1,-1.5735,7.4125
50161032,GH0157583,3,1,-0.2135,9.7125
50857288,GH0190795,6,1,-0.1735,9.4425
59279870,GH0666079,15,1,0.7215,6.0425
50741192,GH0185171,5,1,-0.6885,9.4875
51652623,GH0230857,6,1,0.2215,9.1325
59045525,GH0648149,15,1,0.5015,6.1475
59201958,GH0660092,15,1,0.2615,6.0775
58864857,GH0634636,15,1,0.1565,6.2275
60090123,GH0722516,15,1,-0.3635,5.6725
48850314,GH0094181,2,1,-0.9685,10.2175
50676652,GH0182100,5,1,-1.0785,9.5125
59611267,GH0690605,15,1,0.2965,5.8925
55374710,GH0419030,7,1,-1.9885,7.6625
53942971,GH0343348,8,1,-0.7785,8.2325
52596784,GH0277487,6,1,0.0965,8.7625
54610240,GH0377030,7,1,-2.4185,7.9675
48458013,GH0075351,3,1,-0.2835,10.3675
53245266,GH0308405,9,1,0.3065,8.5075
55162424,GH0407399,8,1,-1.0085,7.7475
54497665,GH0371533,9,1,-0.1685,8.0125
59045550,GH0648174,15,1,0.6265,6.1475
53550054,GH0323563,9,1,-0.3535,8.3875
53613403,GH0326664,8,1,-0.9735,8.3625
54560324,GH0374686,8,1,-0.8935,7.9875
51024523,GH0199176,6,1,0.0365,9.3775
56678933,GH0493406,10,1,-1.5785,7.1375
48458045,GH0075383,3,1,-0.1235,10.3675
59401740,GH0675171,15,1,0.5315,5.9875
54836721,GH0389693,9,1,0.0315,7.8775
56899359,GH0506668,11,1,-0.9335,7.0475
59246578,GH0663593,15,1,0.8715,6.0575
47820021,GH0045580,2,1,-1.3535,10.6125
50251224,GH0161889,2,1,-0.5885,9.6775
54195550,GH0355999,8,1,-0.7635,8.1325
59445271,GH0677762,13,1,-2.9635,5.9675
55650358,GH0434356,7,1,-1.6735,7.5525
56272472,GH0469439,10,1,-2.0735,7.3025
53664446,GH0329533,9,1,0.4715,8.3425
53816290,GH0337017,8,1,-0.8735,8.2825
51024535,GH0199188,6,1,0.0965,9.3775
57762517,GH0560111,12,1,-0.0985,6.6925
54585086,GH0375658,7,1,-2.6485,7.9775
50431687,GH0170577,2,1,-0.8685,9.6075
50895963,GH0192732,6,1,0.1215,9.4275
58460332,GH0605712,15,1,-0.2435,6.4025
48601849,GH0082117,2,1,-1.2485,10.3125
56801502,GH0500757,11,1,-1.1685,7.0875
57386468,GH0536310,11,1,-0.9985,6.8475
60260889,GH0731470,13,1,-1.9085,5.5925
50805516,GH0188101,5,1,-1.3235,9.4625
59224345,GH0661912,15,1,0.8965,6.0675
53891961,CI0396949,7,1,-2.5285,8.2525
52813228,GH0287648,6,1,0.3265,8.6775
50006188,GH0150099,3,1,-0.2685,9.7725
51396653,GH0217886,6,1,-0.0035,9.2325
50883031,GH0192038,6,1,-0.1935,9.4325
47155489,GH0015684,1,1,-2.5585,10.8725
51729314,GH0234700,6,1,-0.0185,9.1025
55399639,GH0420399,7,1,-2.1035,7.6525
56284912,GH0470238,10,1,-1.7085,7.2975
51959502,GH0246268,6,1,-0.1535,9.0125
53448500,GH0318517,9,1,0.0165,8.4275
54936608,GH0394698,7,1,-2.3035,7.8375
58910323,GH0638079,15,1,0.5965,6.2075
59655067,GH0693630,14,1,-0.6735,5.8725
58899091,TG0188207,15,1,1.0915,6.2125
59644321,GH0693077,15,1,0.5815,5.8775
54597813,GH0376493,7,1,-1.7885,7.9725
46916229,GH0005059,1,1,-2.5835,10.9675
54773761,GH0386094,8,1,-0.9385,7.9025
49358375,GH0118855,2,1,-0.7785,10.0225
48274013,GH0066331,1,1,-2.6885,10.4375
60143454,GH0725306,14,1,-1.4785,5.6475
47626706,GH0037143,3,1,-0.4885,10.6875
55412047,GH0421023,7,1,-2.4685,7.6475
47231375,GH0019187,1,1,-2.0635,10.8425
51140027,GH0204894,5,1,-0.6035,9.3325
47664871,GH0038407,1,1,-2.6885,10.6725
47446954,GH0028706,1,1,-2.7935,10.7575
50444710,GH0171333,3,1,-0.2335,9.6025
49084979,GH0105414,2,1,-1.4385,10.1275
58853102,GH0633412,13,1,-1.7835,6.2325
50173446,GH0157728,1,1,-2.6185,9.7075
48118170,GH0059526,3,1,-0.4085,10.4975
50353979,GH0166482,1,1,-2.5635,9.6375
60143664,GH0725516,15,1,-0.4285,5.6475
47421733,GH0027877,2,1,-1.2785,10.7675
53980624,GH0344930,7,1,-2.2385,8.2175
58842255,GH0633103,15,1,0.8515,6.2375
55962131,GH0451511,10,1,-2.1735,7.4275
56947929,GH0509349,10,1,-2.3185,7.0275
48497241,GH0077128,2,1,-0.8335,10.3525
48902705,GH0096870,3,1,-0.0835,10.1975
50715370,GH0183927,5,1,-0.9335,9.4975
49682843,GH0134608,3,1,-0.1335,9.8975
51088530,GH0202178,5,1,-1.1735,9.3525
53435373,GH0317463,7,1,-2.0735,8.4325
47910693,GH0049917,3,1,-0.3385,10.5775
58040236,GH0577965,12,1,-0.3285,6.5775
59479052,GH0680868,15,1,0.2765,5.9525
51511913,GH0223755,6,1,0.3215,9.1875
47600728,GH0035726,1,1,-1.9035,10.6975
47703553,GH0040118,1,1,-2.6885,10.6575
53359502,GH0314032,9,1,-0.1335,8.4625
59268708,GH0665183,15,1,0.4265,6.0475
56666661,GH0492672,10,1,-1.6185,7.1425
50818640,GH0188948,6,1,-0.1635,9.4575
48523441,GH0078402,2,1,-0.7785,10.3425
52074530,GH0251972,6,1,0.1665,8.9675
49410579,TG0031845,3,1,0.3915,10.0025
48745956,GH0089403,3,1,0.1415,10.2575
56284906,GH0470232,10,1,-1.7385,7.2975
58448047,GH0604499,13,1,-2.3185,6.4075
49773348,GH0138836,2,1,-0.7935,9.8625
55775361,GH0441239,10,1,-1.6835,7.5025
53955599,GH0343950,8,1,-0.8935,8.2275
55725408,GH0438488,10,1,-1.6685,7.5225
50173720,GH0158002,2,1,-1.2485,9.7075
57653459,GH0553170,12,1,-0.1535,6.7375
55062006,GH0401637,7,1,-2.0635,7.7875
55912337,GH0448725,10,1,-2.2185,7.4475
59033952,GH0646946,14,1,-1.2485,6.1525
50947166,GH0195043,5,1,-1.1835,9.4075
58989443,GH0644044,15,1,1.0315,6.1725
50882837,GH0191844,5,1,-1.1635,9.4325
52431259,GH0269588,6,1,0.1715,8.8275
52278513,GH0262051,6,1,0.1115,8.8875
53816131,GH0336858,7,1,-1.6685,8.2825
52991276,GH0296062,6,1,0.2965,8.6075
55512499,GH0426879,8,1,-1.1135,7.6075
56666675,GH0492686,10,1,-1.5485,7.1425
50367199,GH0167434,2,1,-0.9285,9.6325
48457932,GH0075270,2,1,-0.6885,10.3675
53384713,GH0315099,8,1,-1.1685,8.4525
50496122,GH0173679,2,1,-1.1035,9.5825
52596789,GH0277492,6,1,0.1215,8.7625
48510384,GH0077806,2,1,-0.5985,10.3475
54798945,GH0387531,8,1,-0.5635,7.8925
55325073,GH0416519,8,1,-0.6435,7.6825
50767143,GH0186569,6,1,0.1915,9.4775
47004330,GH0009004,1,1,-2.2335,10.9325
53169012,GH0304519,9,1,-0.3535,8.5375
51088833,GH0202481,6,1,0.3415,9.3525
54773573,GH0385906,7,1,-1.8785,7.9025
54559983,GH0374345,7,1,-2.5985,7.9875
55562468,GH0429436,7,1,-2.1585,7.5875
54220715,GH0357231,8,1,-1.0185,8.1225
53308740,GH0311553,9,1,0.1965,8.4825
53321137,GH0311879,8,1,-1.3535,8.4775
48575976,GH0081130,3,1,0.1815,10.3225
47511163,GH0031881,2,1,-1.1335,10.7325
55224892,GH0410758,7,1,-1.6085,7.7225
48771953,GH0090500,2,1,-0.6335,10.2475
53308790,GH0311603,9,1,0.4465,8.4825
59896404,GH0711165,15,1,-0.1085,5.7625
58124382,GH0583394,11,1,-0.9735,6.5425
48509959,GH0077381,1,1,-2.7235,10.3475
49371500,GH0119614,3,1,-0.1235,10.0175
46954125,GH0006898,1,1,-1.6685,10.9525
53613692,GH0326953,9,1,0.4715,8.3625
56173587,GH0463804,11,1,-1.2285,7.3425
46878491,GH0003435,1,1,-2.6635,10.9825
58448197,GH0604649,13,1,-1.5685,6.4075
49825158,GH0141368,2,1,-0.5585,9.8425
53968062,GH0344391,7,1,-1.8135,8.2225
51358296,GH0216037,6,1,0.2665,9.2475
58028172,GH0577166,12,1,-0.4085,6.5825
50689855,TG0052271,6,1,0.4515,9.5075
57350081,GH0534102,11,1,-0.8135,6.8625
51011634,GH0198490,6,1,-0.1535,9.3825
48798224,GH0091869,3,1,-0.0285,10.2375
55499990,GH0426212,8,1,-0.9635,7.6125
48628094,GH0083476,2,1,-0.7835,10.3025
51178736,GH0207041,6,1,0.3315,9.3175
55575091,GH0430196,7,1,-1.8035,7.5825
53397723,GH0316037,9,1,0.3365,8.4475
57240541,GH0527199,10,1,-1.6585,6.9075
59135104,GH0655042,15,1,0.6315,6.1075
56024839,GH0455502,12,1,0.3565,7.4025
49643867,GH0132622,2,1,-0.7035,9.9125
57689855,GH0555517,12,1,0.0365,6.7225
49552755,GH0127858,1,1,-2.5935,9.9475
51217124,GH0208879,6,1,-0.2785,9.3025
58016273,GH0576535,12,1,0.3515,6.5875
58100032,GH0581520,10,1,-2.3985,6.5525
54760909,GH0385118,7,1,-2.4135,7.9075
48980420,BF0872366,1,1,-2.8335,10.1675
54823748,GH0388591,7,1,-2.0735,7.8825
47549715,GH0033740,3,1,-0.4185,10.7175
56297382,GH0471070,11,1,-1.1785,7.2925
56997004,GH0512576,11,1,-1.0385,7.0075
59323527,GH0668698,13,1,-2.8535,6.0225
51306972,GH0213412,6,1,-0.1735,9.2675
48144198,GH0060747,3,1,-0.3635,10.4875
55200118,GH0409619,9,1,-0.3335,7.7325
55687946,GH0436475,11,1,-1.4035,7.5375
50031914,GH0151239,2,1,-0.7935,9.7625
60452292,GH0741141,16,1,-0.3935,5.5025
55086924,GH0402887,7,1,-2.7435,7.7775
54660523,GH0379771,7,1,-2.0535,7.9475
49136942,GH0107781,1,1,-2.2035,10.1075
46853577,GH0002760,2,1,-1.5285,10.9925
53054727,GH0299012,6,1,-0.1435,8.5825
50264208,GH0162601,3,1,-0.1385,9.6725
49669781,GH0133874,2,1,-0.6835,9.9025
54773471,GH0385804,7,1,-2.3885,7.9025
48457613,GH0074951,1,1,-2.2835,10.3675
59467955,GH0679994,15,1,-0.0035,5.9575
49006883,GH0101742,2,1,-0.9185,10.1575
50392917,GH0168613,2,1,-1.2885,9.6225
56996764,GH0512336,10,1,-2.2385,7.0075
53384571,GH0314957,7,1,-1.8785,8.4525
50470062,GH0172151,1,1,-2.4385,9.5925
50289923,GH0163774,3,1,-0.4985,9.6625
56445377,GH0479638,10,1,-1.6935,7.2325
51242665,GH0210053,5,1,-0.9085,9.2925
47218701,GH0018583,1,1,-2.2435,10.8475
54220524,GH0357040,7,1,-1.9735,8.1225
54321637,GH0362506,9,1,-0.1835,8.0825
52596442,GH0277145,4,1,-1.6135,8.7625
55750427,GH0439895,11,1,-1.5135,7.5125
58076555,GH0580528,12,1,0.5915,6.5625
48954691,GH0099195,2,1,-1.0535,10.1775
47294997,GH0022383,3,1,-0.3385,10.8175
49488391,GH0125238,3,1,-0.1035,9.9725
56593016,GH0488317,10,1,-1.6285,7.1725
54823725,GH0388568,7,1,-2.1885,7.8825
55062496,GH0402127,9,1,0.3865,7.7875
57118653,GH0519628,10,1,-2.5235,6.9575
51011601,GH0198457,6,1,-0.3185,9.3825
47703713,GH0040278,1,1,-1.8885,10.6575
59346268,GH0670932,15,1,0.0115,6.0125
47206439,GH0018389,3,1,-0.3735,10.8525
47459781,GH0029334,1,1,-2.4885,10.7525
48654003,GH0084529,1,1,-1.9785,10.2925
54522538,GH0372596,8,1,-1.4435,8.0025
56173340,GH0463557,10,1,-2.4635,7.3425
55237354,GH0411404,7,1,-1.8635,7.7175
48601900,GH0082168,2,1,-0.9935,10.3125
54170252,GH0354635,8,1,-1.1485,8.1425
47243922,GH0019658,1,1,-2.5535,10.8375
56036968,GH0455886,11,1,-1.2235,7.3975
48993662,GH0100930,1,1,-1.8285,10.1625
46727887,GH0001443,3,1,-0.1085,11.0425
51255633,GH0210837,6,1,-0.2335,9.2875
47156002,TG0005738,3,1,0.0065,10.8725
53714919,GH0331861,8,1,-0.8035,8.3225
55387377,GH0419917,8,1,-1.0335,7.6575
54773945,GH0386278,9,1,-0.0185,7.9025
51191285,GH0207406,5,1,-1.1135,9.3125
49838219,GH0142111,3,1,0.0615,9.8375
55312353,GH0415585,7,1,-1.8435,7.6875
53651489,GH0328617,8,1,-0.8785,8.3475
59852727,GH0708144,15,1,-0.0735,5.7825
54522465,GH0372523,7,1,-1.8085,8.0025
54422095,GH0367453,8,1,-0.9435,8.0425
54296096,GH0360855,7,1,-2.0735,8.0925
53600886,GH0326194,9,1,-0.0985,8.3675
52303985,GH0263322,6,1,0.1615,8.8775
47282162,GH0021642,2,1,-1.1885,10.8225
54447425,GH0368941,9,1,-0.0085,8.0325
47845761,GH0046653,1,1,-1.8535,10.6025
47793881,GH0044106,1,1,-2.8985,10.6225
46878844,BF0789374,2,1,-0.8985,10.9825
56321882,GH0472305,10,1,-2.2585,7.2825
47716709,GH0040940,2,1,-1.4435,10.6525
55637843,GH0433679,7,1,-1.6135,7.5575
59512198,GH0683362,15,1,0.5065,5.9375
49098174,GH0106209,2,1,-0.6135,10.1225
55687976,GH0436505,11,1,-1.2535,7.5375
55437036,GH0422400,7,1,-2.5585,7.6375
55124846,GH0405313,8,1,-1.0335,7.7625
51435023,GH0219773,6,1,-0.1685,9.2175
49306323,GH0116236,2,1,-1.1335,10.0425
59874513,GH0709605,14,1,-0.5485,5.7725
55999668,GH0453822,11,1,-1.0635,7.4125
59123897,GH0654150,15,1,0.4615,6.1125
52787194,GH0285873,4,1,-2.5685,8.6875
47949339,GH0051523,2,1,-1.2335,10.5625
50186849,GH0158863,3,1,-0.0785,9.7025
59950385,GH0714396,15,1,-0.4285,5.7375
49980352,GH0148860,3,1,-0.2485,9.7825
50070661,GH0153134,2,1,-0.6635,9.7475
57045968,GH0515692,12,1,-0.2085,6.9875
57519924,GH0544616,11,1,-0.9885,6.7925
59841828,GH0707402,15,1,0.1765,5.7875
48915677,GH0097425,3,1,-0.4535,10.1925
56482342,GH0481813,10,1,-1.6185,7.2175
55600022,GH0431405,7,1,-2.6485,7.5725
50199774,GH0159520,3,1,0.0715,9.6975
60943853,GH0762006,16,1,-0.9685,5.2675
48706504,GH0087285,2,1,-0.9785,10.2725
55662753,GH0434923,7,1,-2.2835,7.5475
50225270,GH0160478,2,1,-1.4085,9.6875
56960325,GH0510280,11,1,-1.3735,7.0225
50418969,GH0170128,3,1,0.0215,9.6125
46979350,GH0008078,2,1,-1.3135,10.9425
47871716,GH0047941,2,1,-1.3085,10.5925
53537425,GH0322988,9,1,-0.0035,8.3925
54434861,GH0368296,9,1,0.0265,8.0375
47168444,GH0016583,2,1,-0.8985,10.8675
52558433,GH0275552,5,1,-0.6585,8.7775
59633287,GH0692236,15,1,0.4015,5.8825
57702023,GH0556336,12,1,0.2915,6.7175
55525120,GH0427655,8,1,-0.7035,7.6025
55725429,GH0438509,10,1,-1.5635,7.5225
49397583,TG0031641,3,1,0.3665,10.0075
47092717,GH0013135,2,1,-1.1435,10.8975
51294237,GH0212867,6,1,0.2815,9.2725
50289487,GH0163338,1,1,-2.6785,9.6625
49540011,GH0127459,2,1,-1.4635,9.9525
57082680,GH0518024,12,1,0.4415,6.9725
49487878,GH0124725,1,1,-2.6685,9.9725
49799268,GH0140116,2,1,-0.6135,9.8525
47729382,GH0041279,1,1,-2.6185,10.6475
52316682,GH0263925,6,1,0.0215,8.8725
55949678,GH0450806,10,1,-2.2235,7.4325
49448939,GH0122865,1,1,-2.6285,9.9875
59324271,GH0669442,15,1,0.8665,6.0225
57167784,GH0522981,12,1,-0.4435,6.9375
48014077,GH0054461,2,1,-1.4735,10.5375
47105414,GH0013788,2,1,-0.6935,10.8925
53346562,GH0313163,8,1,-1.2985,8.4675
48980884,GH0100563,3,1,-0.5135,10.1675
50895706,GH0192475,5,1,-1.1635,9.4275
58589515,GH0614793,15,1,0.7165,6.3475
59335245,GH0670162,15,1,0.3115,6.0175
59950457,GH0714468,15,1,-0.0685,5.7375
54270989,GH0359656,7,1,-1.6885,8.1025
56433100,GH0478966,11,1,-1.4585,7.2375
53904957,GH0341451,8,1,-0.8735,8.2475
49617722,GH0131144,1,1,-1.8535,9.9225
49448937,GH0122863,1,1,-2.6385,9.9875
59056812,GH0649078,15,1,0.8515,6.1425
48221881,GH0063883,1,1,-2.8435,10.4575
48640792,GH0083747,1,1,-2.6635,10.2975
56947976,GH0509396,10,1,-2.0835,7.0275
47332662,GH0023761,1,1,-1.9985,10.8025
57967912,GH0573266,12,1,-0.3235,6.6075
53333740,GH0312412,7,1,-1.8735,8.4725
53575160,GH0324566,7,1,-1.7885,8.3775
50019107,GH0150723,3,1,-0.2635,9.7675
48719719,GH0088058,3,1,-0.2835,10.2675
47016974,GH0009619,1,1,-1.9435,10.9275
53193964,GH0305329,7,1,-2.5385,8.5275
58819506,GH0631455,15,1,0.9865,6.2475
54899263,GH0392919,8,1,-0.9135,7.8525
48457946,GH0075284,2,1,-0.6185,10.3675
53270463,GH0309484,8,1,-0.6235,8.4975
57350029,GH0534050,11,1,-1.0735,6.8625
47079892,GH0012347,1,1,-2.2685,10.9025
54723223,GH0383071,7,1,-2.4535,7.9225
55962251,GH0451631,10,1,-1.5735,7.4275
47897613,GH0049173,2,1,-1.0835,10.5825
54308759,GH0361572,7,1,-1.6735,8.0875
47498402,GH0031332,2,1,-1.0235,10.7375
55250080,GH0412318,8,1,-0.7885,7.7125
56506949,GH0483244,10,1,-1.6735,7.2075
59201530,GH0659664,13,1,-1.8785,6.0775
58716446,GH0623814,15,1,0.4665,6.2925
47639599,GH0037741,3,1,-0.3335,10.6825
54422355,GH0367713,9,1,0.3565,8.0425
51895625,GH0243108,6,1,0.0065,9.0375
55537387,GH0428072,7,1,-2.0785,7.5975
59279846,GH0666055,15,1,0.6015,6.0425
55399657,GH0420417,7,1,-2.0135,7.6525
59034372,GH0647366,15,1,0.8515,6.1525
58785208,GH0628862,15,1,0.6015,6.2625
50160812,GH0157363,2,1,-1.3135,9.7125
59090452,GH0651688,15,1,1.0215,6.1275
57386735,GH0536577,12,1,0.3365,6.8475
56911510,GH0507343,11,1,-1.2535,7.0425
51626869,GH0229377,5,1,-0.6885,9.1425
47168555,GH0016694,3,1,-0.3435,10.8675
59950337,GH0714348,14,1,-0.6685,5.7375
47988356,GH0053459,3,1,-0.4885,10.5475
54195301,GH0355750,7,1,-2.0085,8.1325
50818667,GH0188975,6,1,-0.0285,9.4575
55012348,GH0399347,9,1,0.2815,7.8075
50496187,GH0173744,2,1,-0.7785,9.5825
56210685,GH0465907,10,1,-1.5885,7.3275
53206973,GH0306276,8,1,-0.9235,8.5225
59000641,GH0644829,15,1,0.7615,6.1675
59135180,GH0655118,15,1,1.0115,6.1075
49592111,GH0130202,3,1,-0.2935,9.9325
47256564,GH0020220,1,1,-2.5885,10.8325
54119845,GH0352090,8,1,-0.9685,8.1625
49228466,GH0112595,3,1,-0.1535,10.0725
55525335,GH0427870,9,1,0.3715,7.6025
56691631,TG0152362,12,1,0.6065,7.1325
54409747,GH0367038,9,1,0.1815,8.0475
48156951,GH0061089,1,1,-1.6785,10.4825
49734530,GH0136989,2,1,-0.6935,9.8775
56123974,GH0460906,11,1,-1.2385,7.3625
47485581,GH0030721,2,1,-1.2285,10.7425
50431917,GH0170807,3,1,0.2815,9.6075
50586399,GH0177946,2,1,-1.1135,9.5475
53359495,GH0314025,9,1,-0.1685,8.4625
59112769,GH0653345,15,1,0.7265,6.1175
55775418,GH0441296,11,1,-1.3985,7.5025
51933991,GH0245052,6,1,0.0865,9.0225
60165048,GH0726689,15,1,-0.5135,5.6375
52787707,GH0286386,6,1,-0.0035,8.6875
55787641,GH0441729,10,1,-2.6785,7.4975
53562822,GH0324279,9,1,0.0015,8.3825
55499998,GH0426220,8,1,-0.9235,7.6125
59896344,GH0711105,15,1,-0.4085,5.7625
52787765,GH0286444,6,1,0.2865,8.6875
51139917,GH0204784,5,1,-1.1535,9.3325
55587752,GH0430995,8,1,-1.2535,7.5775
59101638,GH0652541,15,1,0.9965,6.1225
47383604,GH0026254,2,1,-0.8985,10.7825
59202037,GH0660171,15,1,0.6565,6.0775
55362362,GH0418464,8,1,-1.3435,7.6675
53029426,GH0297900,6,1,0.4065,8.5925
47832809,GH0046034,1,1,-2.0085,10.6075
50044760,GH0151799,2,1,-1.1035,9.7575
59401738,GH0675169,15,1,0.5215,5.9875
50612188,GH0179142,5,1,-1.0985,9.5375
57616763,GH0550542,10,1,-1.7835,6.7525
56198215,GH0465098,10,1,-2.0085,7.3325
50109505,GH0155149,3,1,0.0565,9.7325
54245678,GH0358266,7,1,-2.2485,8.1125
53461281,GH0319228,9,1,0.3865,8.4225
49902411,GH0144745,1,1,-2.2135,9.8125
48981044,GH0100723,3,1,0.2865,10.1675
48248379,GH0065536,2,1,-0.6285,10.4475
48628093,GH0083475,2,1,-0.7885,10.3025
49033182,GH0103225,3,1,0.2065,10.1475
49501157,GH0125649,2,1,-1.1635,9.9675
47845884,GH0046776,2,1,-1.2385,10.6025
55274873,GH0413491,7,1,-1.8935,7.7025
51934009,GH0245070,6,1,0.1765,9.0225
54936676,GH0394766,7,1,-1.9635,7.8375
50509014,GH0174304,2,1,-1.1285,9.5775
48536567,GH0079069,2,1,-0.6035,10.3375
55675381,GH0435729,7,1,-1.6935,7.5425
55337617,GH0417282,9,1,-0.3035,7.6775
48039765,GH0055420,1,1,-2.7285,10.5275
51050335,TG0057587,6,1,0.5915,9.3675
56334349,GH0473143,10,1,-1.6885,7.2775
58328391,GH0596632,13,1,-1.9585,6.4575
53156138,GH0303725,5,1,-1.2135,8.5425
47143232,GH0015475,2,1,-0.7635,10.8775
48863058,GH0094494,1,1,-2.5385,10.2125
49384580,GH0120328,3,1,0.3115,10.0125
50637977,GH0180338,5,1,-1.0485,9.5275
46941628,GH0006415,2,1,-1.3235,10.9575
52138313,GH0255084,6,1,-0.0485,8.9425
50147683,GH0156507,1,1,-2.4835,9.7175
54195232,GH0355681,7,1,-2.3535,8.1325
48261568,TG0019829,3,1,0.2065,10.4425
54798673,GH0387259,7,1,-1.9235,7.8925
52813137,GH0287557,6,1,-0.1285,8.6775
55049790,GH0401260,9,1,-0.4935,7.7925
59819876,GH0705770,15,1,-0.0385,5.7975
51383848,GH0217248,6,1,-0.0135,9.2375
48785003,GH0091099,2,1,-0.7585,10.2425
55675300,GH0435648,7,1,-2.0985,7.5425
49072260,GH0105096,3,1,0.1215,10.1325
50985974,GH0197235,6,1,0.0515,9.3925
49721185,GH0135970,1,1,-2.6735,9.8825
51088767,GH0202415,6,1,0.0115,9.3525
54911635,GH0393434,7,1,-1.7635,7.8475
51665464,TG0066876,6,1,0.4865,9.1275
54459653,GH0369253,7,1,-1.7185,8.0275
56371394,GH0475321,10,1,-1.6535,7.2625
54660548,GH0379796,7,1,-1.9285,7.9475
54359008,GH0364050,7,1,-2.0035,8.0675
55587770,GH0431013,8,1,-1.1635,7.5775
54585119,GH0375691,7,1,-2.4835,7.9775
52660381,GH0280401,6,1,-0.1735,8.7375
50650559,GH0180619,4,1,-2.5935,9.5225
55124715,GH0405182,7,1,-1.6885,7.7625
55199841,GH0409342,7,1,-1.7185,7.7325
54811185,GH0387899,7,1,-2.1285,7.8875
55424693,GH0421863,7,1,-1.7535,7.6425
54220449,GH0356965,7,1,-2.3485,8.1225
47498019,BF0814943,1,1,-2.9385,10.7375
59655295,GH0693858,15,1,0.4665,5.8725
47206376,GH0018326,2,1,-0.6885,10.8525
54208317,GH0356800,9,1,0.0315,8.1275
47845754,GH0046646,1,1,-1.8885,10.6025
59600241,GH0689775,15,1,0.1765,5.8975
55825245,GH0443991,10,1,-1.7185,7.4825
59808970,GH0705026,15,1,0.2265,5.8025
55362185,GH0418287,7,1,-2.2285,7.6675
60314118,GH0734149,13,1,-1.9385,5.5675
46954266,GH0007039,2,1,-0.9635,10.9525
59874662,GH0709754,15,1,0.1965,5.7725
50238435,GH0161371,3,1,-0.0635,9.6825
50212499,GH0159976,2,1,-0.7835,9.6925
47460203,GH0029756,3,1,-0.3785,10.7525
51626997,GH0229505,6,1,-0.0485,9.1425
49045917,GH0103555,2,1,-1.2885,10.1425
56556058,GH0486049,10,1,-2.1035,7.1875
47498033,GH0030963,1,1,-2.8685,10.7375
49773372,GH0138860,2,1,-0.6735,9.8625
58124689,GH0583701,12,1,0.5615,6.5425
50418772,GH0169931,2,1,-0.9635,9.6125
49202383,GH0111280,3,1,-0.4285,10.0825
47054963,GH0011499,2,1,-0.9085,10.9125
58052442,GH0578914,12,1,0.4665,6.5725
56580463,GH0487325,10,1,-2.9685,7.1775
50264038,GH0162431,2,1,-0.9885,9.6725
47447257,GH0029009,2,1,-1.2785,10.7575
54949085,GH0395324,7,1,-2.6135,7.8325
54434840,GH0368275,9,1,-0.0785,8.0375
51933835,GH0244896,5,1,-0.6935,9.0225
47600531,GH0035529,1,1,-2.8885,10.6975
51037278,GH0199729,6,1,-0.4385,9.3725
55713310,GH0438203,12,1,0.3515,7.5275
57665627,GH0553988,12,1,0.0815,6.7325
55949859,GH0450987,11,1,-1.3185,7.4325
48222238,GH0064240,2,1,-1.0585,10.4575
56445401,GH0479662,10,1,-1.5735,7.2325
48850450,GH0094317,3,1,-0.2885,10.2175
56111338,GH0459958,10,1,-2.3585,7.3675
54773513,GH0385846,7,1,-2.1785,7.9025
47975255,GH0052717,2,1,-1.2185,10.5525
50354291,GH0166794,2,1,-1.0035,9.6375
55225030,GH0410896,8,1,-0.9185,7.7225
46400968,BF0745933,3,1,-0.2385,11.1725
49228025,GH0112154,1,1,-2.3585,10.0725
53689795,GH0330803,9,1,0.3715,8.3325
51204430,GH0208368,6,1,0.4265,9.3075
61636976,GH0782368,16,1,-1.8535,4.9125
51139927,GH0204794,5,1,-1.1035,9.3325
54144944,GH0353256,7,1,-1.5885,8.1525
58577887,GH0613978,15,1,0.7065,6.3525
58196665,GH0588280,15,1,-0.2635,6.5125
57033627,GH0514813,11,1,-0.9285,6.9925
48993904,GH0101172,2,1,-0.6185,10.1625
51011534,GH0198390,5,1,-0.6535,9.3825
59852545,GH0707962,14,1,-0.9835,5.7825
49760137,GH0137948,1,1,-2.1235,9.8675
50109491,GH0155135,3,1,-0.0135,9.7325
49332478,GH0117680,3,1,-0.3085,10.0325
55688003,GH0436532,11,1,-1.1185,7.5375
57422855,GH0538535,11,1,-1.1135,6.8325
53715102,GH0332044,9,1,0.1115,8.3225
53714726,GH0331668,7,1,-1.7685,8.3225
54422309,GH0367667,9,1,0.1265,8.0425
56099463,GH0459776,12,1,0.3515,7.3725
56813723,GH0501472,11,1,-1.2385,7.0825
56036629,GH0455547,10,1,-2.9185,7.3975
50985968,GH0197229,6,1,0.0215,9.3925
59368584,GH0672749,15,1,0.8115,6.0025
53727320,GH0332232,7,1,-2.1835,8.3175
49345590,GH0118432,3,1,0.2715,10.0275
50393047,GH0168743,2,1,-0.6385,9.6225
51127187,GH0204246,5,1,-0.5835,9.3375
55499711,GH0425933,7,1,-2.3585,7.6125
48588821,GH0081531,2,1,-0.9985,10.3175
47383330,GH0025980,1,1,-2.2685,10.7825
58830158,GH0631555,13,1,-2.7135,6.2425
47472905,GH0030253,2,1,-0.7285,10.7475
51588710,GH0227651,6,1,0.3865,9.1575
56874703,GH0504973,10,1,-2.0285,7.0575
50263962,GH0162355,2,1,-1.3685,9.6725
60787632,GH0755435,16,1,-2.3135,5.3425
55250067,GH0412305,8,1,-0.8535,7.7125
49604906,GH0130663,2,1,-1.1285,9.9275
59290904,GH0666849,15,1,0.3965,6.0375
54107441,GH0351658,9,1,0.0865,8.1675
59123981,GH0654234,15,1,0.8815,6.1125
54081999,GH0350181,8,1,-0.8885,8.1775
59611288,GH0690626,15,1,0.4015,5.8925
50070670,GH0153143,2,1,-0.6185,9.7475
47613802,GH0036526,2,1,-0.7385,10.6925
54660965,GH0380213,9,1,0.1565,7.9475
59123914,GH0654167,15,1,0.5465,6.1125
59567306,GH0687437,15,1,0.5965,5.9125
47703681,GH0040246,1,1,-2.0485,10.6575
56519258,GH0483972,10,1,-1.6435,7.2025
47703521,GH0040086,1,1,-2.8485,10.6575
60218255,GH0729327,13,1,-1.7135,5.6125
54031307,GH0347519,7,1,-1.6935,8.1975
56568442,GH0486867,10,1,-1.6335,7.1825
49058899,GH0104137,2,1,-1.5285,10.1375
59034309,GH0647303,15,1,0.5365,6.1525
59633242,GH0692191,15,1,0.1765,5.8825
47079779,GH0012234,1,1,-2.8335,10.9025
59808625,GH0704681,14,1,-1.4985,5.8025
48287011,BF0846240,1,1,-2.8835,10.4325
59622057,GH0691200,14,1,-0.7535,5.8875
48850514,GH0094381,3,1,0.0315,10.2175
49747416,GH0137551,2,1,-0.9985,9.8725
56506858,GH0483153,10,1,-2.1285,7.2075
47004329,GH0009003,1,1,-2.2385,10.9325
47193885,TG0006295,3,1,0.0065,10.8575
56875090,GH0505360,12,1,-0.0935,7.0575
50483277,GH0173100,2,1,-0.8435,9.5875
50083550,GH0153743,2,1,-0.7385,9.7425
54396810,GH0366036,7,1,-1.6335,8.0525
59732050,GH0699308,15,1,-0.3835,5.8375
49215503,GH0112015,3,1,0.1015,10.0775
59534208,GH0684950,15,1,0.3165,5.9275
49032886,GH0102929,2,1,-1.2735,10.1475
47181109,GH0017187,2,1,-0.7135,10.8625
55287715,GH0414530,9,1,-0.1685,7.6975
53333681,GH0312353,7,0,-2.1685,8.4725
51178279,GH0206584,4,0,-1.9535,9.3175
60164801,GH0726442,13,0,-1.7485,5.6375
47117788,GH0014121,1,0,-1.8535,10.8875
53499112,GH0320854,8,0,-1.0435,8.4075
60228821,GH0729768,13,0,-2.2685,5.6075
61169010,GH0770133,16,0,-1.3335,5.1575
59665768,GH0694139,13,0,-2.1485,5.8675
54535307,GH0373463,9,0,-0.4035,7.9975
49045780,GH0103418,1,0,-1.9735,10.1425
59787181,GH0703570,15,0,0.9265,5.8125
58220344,GH0589509,13,0,-2.0135,6.5025
55061892,GH0401523,7,0,-2.6335,7.7875
57301099,GH0530717,10,0,-2.7685,6.8825
52469356,GH0271342,6,0,-0.3535,8.8125
56887102,GH0505890,11,0,-1.1335,7.0525
55337654,GH0417319,9,0,-0.1185,7.6775
54485073,GH0370850,9,0,-0.2985,8.0175
52278547,GH0262085,6,0,0.2815,8.8875
59202131,GH0660265,15,0,1.1265,6.0775
61553528,GH0781074,16,0,-2.2635,4.9575
56087065,GH0459079,12,0,0.4765,7.3775
55387390,GH0419930,8,0,-0.9685,7.6575
48247956,GH0065113,1,0,-2.7435,10.4475
60766801,GH0754597,16,0,-2.1785,5.3525
52965794,GH0294793,6,0,-0.0035,8.6175
47231654,GH0019466,2,0,-0.6685,10.8425
58875941,GH0635200,14,0,-1.2135,6.2225
48575395,GH0080549,1,0,-2.7235,10.3225
58681804,GH0621158,15,0,-0.2835,6.3075
54359286,GH0364328,8,0,-0.6135,8.0675
51498568,GH0222560,4,0,-2.4135,9.1925
59500804,GH0682183,14,0,-1.3135,5.9425
57118960,GH0519935,11,0,-0.9885,6.9575
57033515,GH0514701,11,0,-1.4885,6.9925
59896536,GH0711267,15,0,0.7915,5.7625
48562887,GH0080486,3,0,0.1465,10.3275
53156393,GH0303980,6,0,0.0615,8.5425
59134476,GH0654414,13,0,-2.5085,6.1075
57301519,GH0531137,11,0,-0.6685,6.8825
57750143,GH0559076,11,0,-1.4135,6.6975
53042006,GH0298387,6,0,-0.2135,8.5875
58436062,GH0603625,13,0,-2.7035,6.4125
57774510,GH0560770,11,0,-0.6685,6.6875
49358372,GH0118852,2,0,-0.7935,10.0225
59764825,GH0701556,14,0,-1.1535,5.8225
59368040,GH0672205,13,0,-1.9085,6.0025
57082023,GH0517367,10,0,-2.8435,6.9725
51319578,GH0213838,5,0,-1.2185,9.2625
51255147,GH0210351,4,0,-2.6635,9.2875
56752453,GH0497757,10,0,-1.5985,7.1075
54018934,GH0347167,9,0,-0.3535,8.2025
52622050,GH0278481,5,0,-0.8835,8.7525
59257712,GH0664455,15,0,0.9815,6.0525
50921359,GH0193670,4,0,-1.5685,9.4175
49760233,GH0138044,1,0,-1.6435,9.8675
51460225,GH0220668,4,0,-2.1535,9.2075
60175509,GH0727043,13,0,-1.6885,5.6325
52990727,GH0295513,4,0,-2.4485,8.6075
47408903,GH0027230,1,0,-1.6835,10.7725
55424739,GH0421909,8,0,-1.5235,7.6425
57021443,GH0514093,11,0,-0.8535,6.9975
52507371,GH0273007,5,0,-1.2885,8.7975
47936338,GH0050872,2,0,-1.5135,10.5675
56012443,TG0141264,12,0,0.5965,7.4075
52901758,GH0291320,4,0,-2.3085,8.6425
53625848,GH0327063,7,0,-2.1985,8.3575
61627744,GH0782244,16,0,-1.8935,4.9175
58853163,GH0633473,14,0,-1.4785,6.2325
57628811,GH0551230,10,0,-2.1635,6.7475
49669574,GH0133667,1,0,-1.7185,9.9025
60462642,GH0741412,16,0,-1.4735,5.4975
56408644,GH0477728,12,0,-0.4485,7.2475
52914466,GH0291912,4,0,-2.3535,8.6375
58519164,GH0609530,14,0,-1.2335,6.3775
60588918,GH0746981,16,0,-1.9785,5.4375
48954376,GH0098880,1,0,-2.6285,10.1775
56960128,GH0510083,10,0,-2.3585,7.0225
60356787,GH0736422,14,0,-1.1385,5.5475
58681647,GH0621001,14,0,-1.0685,6.3075
50663515,GH0181269,4,0,-2.2885,9.5175
48326410,GH0068878,1,0,-1.8835,10.4175
53016218,GH0296794,4,0,-2.0935,8.5975
47975179,GH0052641,1,0,-1.5985,10.5525
51715985,GH0233515,4,0,-2.7035,9.1075
51306668,GH0213108,4,0,-1.6935,9.2675
49825037,GH0141247,2,0,-1.1635,9.8425
56605346,GH0489091,11,0,-1.3835,7.1675
60228796,GH0729743,13,0,-2.3935,5.6075
50560761,GH0176902,3,0,-0.3435,9.5575
57762462,GH0560056,12,0,-0.3735,6.6925
49539777,GH0127225,1,0,-2.6335,9.9525
58483663,GH0606954,13,0,-2.0185,6.3925
49163246,GH0109299,2,0,-0.9085,10.0975
60271615,GH0732079,13,0,-1.5585,5.5875
57373929,GH0535162,10,0,-2.9935,6.8525
47536613,GH0032876,1,0,-1.8785,10.7225
48222130,GH0064132,1,0,-1.5985,10.4575
50483030,GH0172853,1,0,-2.0785,9.5875
53029308,GH0297782,6,0,-0.1835,8.5925
53194170,GH0305535,8,0,-1.5085,8.5275
47549736,GH0033761,3,0,-0.3135,10.7175
56322440,GH0472863,12,0,0.5315,7.2825
61909896,GH0784477,16,0,-2.0435,4.7625
59874437,GH0709529,14,0,-0.9285,5.7725
55925090,GH0449721,11,0,-0.6985,7.4425
50741251,GH0185230,6,0,-0.3935,9.4875
49345265,GH0118107,2,0,-1.3535,10.0275
56556394,GH0486385,12,0,-0.4235,7.1875
46664708,GH0000977,3,0,-0.1035,11.0675
49992803,GH0149011,1,0,-2.5985,9.7775
47729710,GH0041607,2,0,-0.9785,10.6475
55437246,GH0422610,8,0,-1.5085,7.6375
58495652,GH0607912,14,0,-1.2435,6.3875
49902805,GH0145139,3,0,-0.2435,9.8125
61198795,GH0770873,16,0,-2.3735,5.1425
55437491,GH0422855,9,0,-0.2835,7.6375
54119951,GH0352196,9,0,-0.4385,8.1625
47549676,GH0033701,2,0,-0.6135,10.7175
60046775,GH0719647,13,0,-2.5535,5.6925
48641129,GH0084084,2,0,-0.9785,10.2975
51370657,GH0216227,4,0,-1.9485,9.2425
60839867,GH0757738,16,0,-1.5835,5.3175
54723262,GH0383110,7,0,-2.2585,7.9225
60057663,GH0720410,13,0,-1.7935,5.6875
53702151,GH0331125,8,0,-1.2485,8.3275
59467729,GH0679768,14,0,-1.1335,5.9575
58565748,GH0612663,13,0,-1.7985,6.3575
53092710,GH0300719,5,0,-0.7835,8.5675
58910000,GH0637756,14,0,-1.0185,6.2075
60367103,GH0736644,13,0,-2.6335,5.5425
59830396,GH0706128,13,0,-2.2235,5.7925
56899515,GH0506824,12,0,-0.1535,7.0475
49084756,GH0105191,1,0,-2.5535,10.1275
51729059,GH0234445,5,0,-1.2935,9.1025
51933884,GH0244945,6,0,-0.4485,9.0225
58875939,GH0635198,14,0,-1.2235,6.2225
58100590,GH0582078,12,0,0.3915,6.5525
60015042,GH0718297,15,0,-0.0385,5.7075
55887935,GH0447841,12,0,0.2765,7.4575
57883538,GH0567937,12,0,0.2965,6.6425
60589187,GH0747250,16,0,-0.6335,5.4375
60536350,GH0744666,16,0,-1.8585,5.4625
49488124,GH0124971,2,0,-1.4385,9.9725
48575588,GH0080742,1,0,-1.7585,10.3225
52533173,GH0274559,6,0,0.3815,8.7875
59939598,GH0713743,15,0,-0.4585,5.7425
48130781,GH0059735,1,0,-2.3935,10.4925
49189114,GH0110396,1,0,-1.7035,10.0875
60378126,GH0737573,16,0,-0.5735,5.5375
48195902,GH0062747,1,0,-2.4735,10.4675
58830503,GH0631900,14,0,-0.9885,6.2425
60995417,GH0763782,16,0,-2.1635,5.2425
57130740,GH0520266,10,0,-2.9985,6.9525
47409147,GH0027474,3,0,-0.4635,10.7725
47884560,GH0048454,1,0,-1.7085,10.5875
57616777,GH0550556,10,0,-1.7135,6.7525
58388668,GH0600907,15,0,-0.3885,6.4325
59589387,GH0689119,15,0,0.9265,5.9025
57580613,GH0548483,11,0,-0.6635,6.7675
59720593,GH0698030,13,0,-2.7635,5.8425
50882934,GH0191941,5,0,-0.6785,9.4325
56371600,GH0475527,11,0,-0.6235,7.2625
47395972,GH0026467,1,0,-2.6635,10.7775
60388530,GH0737886,16,0,-1.5735,5.5325
54321581,GH0362450,9,0,-0.4635,8.0825
60912579,GH0760621,16,0,-1.7335,5.2825
52456424,GH0270524,5,0,-1.3435,8.8175
54685621,GH0381109,7,0,-2.1085,7.9375
50509189,GH0174479,3,0,-0.2535,9.5775
58148504,GH0585044,14,0,-0.6435,6.5325
56445153,GH0479414,10,0,-2.8135,7.2325
57009461,GH0513573,12,0,0.2365,7.0025
56764673,GH0498460,10,0,-1.7235,7.1025
47511246,GH0031964,2,0,-0.7185,10.7325
52482243,GH0272116,6,0,0.4115,8.8075
60292778,GH0733020,13,0,-2.2335,5.5775
58819372,GH0631321,15,0,0.3165,6.2475
50444709,GH0171332,3,0,-0.2385,9.6025
53816174,GH0336901,8,0,-1.4535,8.2825
59123526,GH0653779,14,0,-1.3935,6.1125
54258373,GH0358998,7,0,-1.7835,8.1075
53638520,GH0327691,7,0,-2.2835,8.3525
50586505,GH0178052,2,0,-0.5835,9.5475
59434280,GH0677001,13,0,-2.6635,5.9725
53550241,GH0323750,9,0,0.5815,8.3875
59511801,GH0682965,14,0,-1.4785,5.9375
47923330,GH0050213,1,0,-1.8335,10.5725
58692960,GH0621644,13,0,-2.0285,6.3025
58268343,GH0592634,13,0,-2.1835,6.4825
60798070,GH0755885,16,0,-2.2335,5.3375
53067280,GH0299470,5,0,-0.9085,8.5775
60578281,GH0746393,16,0,-2.5935,5.4425
56850107,GH0503354,10,0,-2.7735,7.0675
52621893,GH0278324,4,0,-1.6685,8.7525
59588855,GH0688587,13,0,-1.7335,5.9025
53079700,GH0299798,4,0,-2.3235,8.5725
57955859,GH0572495,12,0,-0.2735,6.6125
58819450,GH0631399,15,0,0.7065,6.2475
55875036,GH0446705,10,0,-1.9535,7.4625
52876461,GH0290260,4,0,-1.5985,8.6525
52990946,GH0295732,5,0,-1.3535,8.6075
46916740,GH0005551,3,0,-0.0285,10.9675
50908501,GH0193037,5,0,-1.5285,9.4225
47820222,GH0045781,3,0,-0.3485,10.6125
50947438,GH0195315,6,0,0.1765,9.4075
49006794,GH0101653,2,0,-1.3635,10.1575
50869938,GH0191188,5,0,-1.3035,9.4375
49954356,GH0147468,2,0,-1.0035,9.7925
54861859,GH0391094,9,0,0.2165,7.8675
56161322,GH0463212,11,0,-0.5685,7.3475
59045292,GH0647916,14,0,-0.6635,6.1475
55700626,GH0437334,11,0,-0.5485,7.5325
56850756,GH0504003,12,0,0.4715,7.0675
49501285,GH0125777,3,0,-0.5235,9.9675
48066252,GH0057166,3,0,-0.0685,10.5175
59775594,GH0702153,13,0,-2.1635,5.8175
49695427,GH0134865,1,0,-1.9685,9.8925
53448166,GH0318183,7,0,-1.6535,8.4275
51485940,GH0222082,4,0,-1.5635,9.1975
52660008,GH0280028,4,0,-2.0385,8.7375
53194577,GH0305942,9,0,0.5265,8.5275
59179369,GH0658087,14,0,-1.2635,6.0875
49215153,GH0111665,1,0,-1.6485,10.0775
57894923,GH0568020,10,0,-3.1735,6.6375
49605088,GH0130845,3,0,-0.2185,9.9275
57422715,GH0538395,10,0,-1.8135,6.8325
54245666,GH0358254,7,0,-2.3085,8.1125
49319030,GH0116588,1,0,-2.5735,10.0375
55249897,GH0412135,7,0,-1.7035,7.7125
53664501,TG0102052,9,0,0.7465,8.3425
51460297,GH0220740,4,0,-1.7935,9.2075
57252670,GH0527916,10,0,-1.8085,6.9025
61108377,GH0767971,16,0,-2.3185,5.1875
55500128,GH0426350,9,0,-0.2735,7.6125
48300397,GH0067828,2,0,-1.2035,10.4275
56592878,GH0488179,10,0,-2.3185,7.1725
47142813,GH0015056,1,0,-2.8585,10.8775
56862356,GH0504112,10,0,-2.6535,7.0625
51101726,TG0058266,6,0,0.5665,9.3475
53156294,GH0303881,6,0,-0.4335,8.5425
57544072,GH0546034,11,0,-1.4985,6.7825
56911194,GH0507027,10,0,-2.8335,7.0425
49410394,GH0121411,3,0,-0.5335,10.0025
57568253,GH0547486,10,0,-1.8435,6.7725
59939218,GH0713363,13,0,-2.3585,5.7425
59056210,GH0648476,13,0,-2.1585,6.1425
58921299,GH0638576,14,0,-1.1185,6.2025
58553904,GH0611655,13,0,-2.7735,6.3625
58400466,GH0601509,14,0,-1.3435,6.4275
58921193,GH0638470,13,0,-1.6485,6.2025
52163625,GH0256163,5,0,-0.9785,8.9325
57277445,GH0529874,12,0,0.5015,6.8925
52138348,GH0255119,6,0,0.1265,8.9425
61345652,GH0776088,16,0,-1.7485,5.0675
51908167,GH0243509,5,0,-1.2085,9.0325
53752832,GH0333689,8,0,-1.3685,8.3075
53968286,GH0344615,8,0,-0.6935,8.2225
57641469,GH0552532,12,0,0.5115,6.7425
47294731,GH0022117,1,0,-1.6685,10.8175
50367052,GH0167287,1,0,-1.6635,9.6325
59335067,GH0669984,14,0,-0.5785,6.0175
51997443,GH0247754,4,0,-2.0985,8.9975
60335652,GH0735481,14,0,-0.5885,5.5575
54509890,GH0371852,7,0,-1.8685,8.0075
59567372,GH0687503,15,0,0.9265,5.9125
55337149,GH0416814,7,0,-2.6435,7.6775
54911729,GH0393528,8,0,-1.2935,7.8475
57459575,GH0541116,12,0,0.4915,6.8175
48287260,GH0067142,1,0,-1.6385,10.4325
61238356,CI1023412,16,0,-2.9435,5.1225
52367212,GH0266082,4,0,-1.7685,8.8525
58232186,GH0590130,13,0,-2.8585,6.4975
57750233,GH0559166,11,0,-0.9635,6.6975
53601047,GH0326355,9,0,0.7065,8.3675
59709820,GH0697440,13,0,-1.7035,5.8475
60631214,GH0749111,16,0,-0.4985,5.4175
49345297,GH0118139,2,0,-1.1935,10.0275
54723821,GH0383669,9,0,0.5365,7.9225
54182829,GH0355245,8,0,-1.3185,8.1375
47421576,GH0027720,1,0,-2.0635,10.7675
57033872,GH0515058,12,0,0.2965,6.9925
50702607,GH0183457,6,0,-0.2835,9.5025
52303845,GH0263182,6,0,-0.5385,8.8775
51895550,GH0243033,6,0,-0.3685,9.0375
47832935,GH0046160,2,0,-1.3785,10.6075
48640908,GH0083863,1,0,-2.0835,10.2975
55312716,GH0415948,9,0,-0.0285,7.6875
55012403,GH0399402,9,0,0.5565,7.8075
58589136,GH0614414,14,0,-1.1785,6.3475
60143260,GH0725112,13,0,-2.4485,5.6475
59067821,GH0649736,15,0,-0.1535,6.1375
52431154,GH0269483,6,0,-0.3535,8.8275
47820246,GH0045805,3,0,-0.2285,10.6125
58921122,GH0638399,13,0,-2.0035,6.2025
59190978,GH0659402,15,0,1.0565,6.0825
51844052,GH0240113,4,0,-2.0535,9.0575
52112520,GH0253551,5,0,-1.3935,8.9525
46388490,BF0744633,3,0,-0.2785,11.1775
52086814,GH0252117,4,0,-2.2585,8.9625
56049249,GH0456424,10,0,-2.0535,7.3925
59022587,GH0645972,13,0,-1.9185,6.1575
51294089,GH0212719,6,0,-0.4585,9.2725
52316574,GH0263817,6,0,-0.5185,8.8725
59665672,GH0694043,13,0,-2.6285,5.8675
52940068,GH0293287,5,0,-1.4985,8.6275
46941588,GH0006375,2,0,-1.5235,10.9575
59797526,GH0703747,13,0,-2.1785,5.8075
61046987,GH0765723,16,0,-2.3685,5.2175
61026426,GH0764974,16,0,-2.1685,5.2275
57252453,GH0527699,10,0,-2.8935,6.9025
49215330,GH0111842,2,0,-0.7635,10.0775
58064468,GH0579689,12,0,0.3715,6.5675
48772063,GH0090610,3,0,-0.0835,10.2475
53270163,GH0309184,7,0,-2.1235,8.4975
50946937,GH0194814,4,0,-2.3285,9.4075
49280067,GH0114704,1,0,-2.3885,10.0525
58682011,GH0621365,15,0,0.7515,6.3075
59346303,GH0670967,15,0,0.1865,6.0125
49006797,GH0101656,2,0,-1.3485,10.1575
53613696,GH0326957,9,0,0.4915,8.3625
47794303,GH0044528,2,0,-0.7885,10.6225
51575946,TG0065345,6,0,0.5565,9.1625
53816346,GH0337073,8,0,-0.5935,8.2825
59279215,GH0665424,13,0,-2.5535,6.0425
60850447,GH0758336,16,0,-0.7085,5.3125
50109299,GH0154943,2,0,-0.9735,9.7325
61335952,GH0775696,16,0,-2.0485,5.0725
58003736,GH0575267,10,0,-2.0685,6.5925
59654629,GH0693192,13,0,-2.8635,5.8725
61692114,GH0782948,16,0,-2.1585,4.8825
51268551,GH0211566,6,0,0.1815,9.2825
53778401,GH0335206,9,0,-0.2535,8.2975
49228391,GH0112520,3,0,-0.5285,10.0725
57398901,GH0537354,12,0,0.4765,6.8425
51613811,GH0228459,4,0,-2.0385,9.1475
47690691,GH0039590,1,0,-2.4685,10.6625
50083265,GH0153458,1,0,-2.1635,9.7425
51293724,GH0212354,4,0,-2.2835,9.2725
46903691,GH0004543,1,0,-2.4035,10.9725
56371619,GH0475546,12,0,-0.5285,7.2625
54157934,GH0354282,9,0,0.3165,8.1475
57264878,GH0528715,10,0,-1.5535,6.8975
48274344,GH0066662,2,0,-1.0335,10.4375
51920854,GH0244056,4,0,-1.6885,9.0275
47755442,GH0042670,2,0,-1.4185,10.6375
51562512,GH0225754,4,0,-2.6285,9.1675
47988326,GH0053429,2,0,-0.6385,10.5475
49850814,GH0142391,1,0,-1.6285,9.8325
53689800,GH0330808,9,0,0.3965,8.3325
60871109,GH0759038,16,0,-1.3835,5.3025
57798682,GH0562284,11,0,-0.8285,6.6775
53702078,GH0331052,7,0,-1.6135,8.3275
51511662,GH0223504,5,0,-0.9335,9.1875
49006616,GH0101475,1,0,-2.2535,10.1575
51856767,GH0240682,4,0,-2.4385,9.0525
60282420,GH0732770,14,0,-0.7935,5.5825
48157057,GH0061195,2,0,-1.1485,10.4825
58184192,GH0587036,13,0,-2.5385,6.5175
56309998,GH0472052,12,0,0.1015,7.2875
50096293,GH0154209,2,0,-1.5285,9.7375
57519710,GH0544402,10,0,-2.0585,6.7925
49552819,GH0127922,1,0,-2.2735,9.9475
55700723,GH0437431,12,0,-0.0635,7.5325
51511332,GH0223174,4,0,-2.5835,9.1875
56764634,GH0498421,10,0,-1.9185,7.1025
54761487,GH0385696,9,0,0.4765,7.9075
59146297,GH0655924,15,0,0.7515,6.1025
57507957,GH0544016,12,0,-0.1885,6.7975
61572137,GH0781392,16,0,-2.1785,4.9475
61364792,GH0776629,16,0,-2.1735,5.0575
54736084,GH0384051,8,0,-0.9485,7.9175
51716359,GH0233889,5,0,-0.8335,9.1075
49241327,GH0113079,2,0,-0.9185,10.0675
58172323,GH0586397,13,0,-1.7835,6.5225
60452136,GH0740985,16,0,-1.1735,5.5025
49019573,GH0102023,1,0,-2.6585,10.1525
51729363,GH0234749,6,0,0.2265,9.1025
58921352,GH0638629,14,0,-0.8535,6.2025
57495461,GH0542889,10,0,-2.0285,6.8025
47677857,GH0039088,1,0,-2.1285,10.6675
52787229,GH0285908,4,0,-2.3935,8.6875
53867175,GH0339780,9,0,0.2115,8.2625
59290879,GH0666824,15,0,0.2715,6.0375
49332348,GH0117550,2,0,-0.9585,10.0325
47962099,GH0051924,1,0,-2.2035,10.5575
50341162,GH0165934,1,0,-2.1785,9.6425
57641113,GH0552176,11,0,-1.2685,6.7425
47282246,GH0021726,2,0,-0.7685,10.8225
58898720,GH0636968,14,0,-0.7635,6.2125
57325315,GH0532130,10,0,-3.1885,6.8725
55800261,GH0442564,10,0,-1.9485,7.4925
53841932,GH0338600,9,0,0.6665,8.2725
49514024,GH0126167,1,0,-1.6885,9.9625
61422096,GH0778371,16,0,-1.7585,5.0275
57021487,GH0514137,11,0,-0.6335,6.9975
56654338,GH0491890,10,0,-1.8985,7.1475
47421656,GH0027800,1,0,-1.6635,10.7675
58495679,GH0607939,14,0,-1.1085,6.3875
59478952,GH0680768,15,0,-0.2235,5.9525
59786816,GH0703205,14,0,-0.8985,5.8125
60143472,GH0725324,14,0,-1.3885,5.6475
58039897,GH0577626,10,0,-2.0235,6.5775
57447228,GH0540144,11,0,-0.5835,6.8225
61701292,GH0783050,16,0,-2.1585,4.8775
58739329,GH0625415,15,0,0.1115,6.2825
58003579,GH0575110,10,0,-2.8535,6.5925
52774835,GH0285646,5,0,-0.7185,8.6925
54598169,GH0376849,9,0,-0.0085,7.9725
51690779,GH0232594,5,0,-0.8235,9.1175
56752232,GH0497536,10,0,-2.7035,7.1075
48615141,GH0082965,3,0,-0.1735,10.3075
56185858,GH0464406,10,0,-1.8435,7.3375
60409753,GH0738937,16,0,-1.4385,5.5225
52227502,GH0259478,6,0,-0.1735,8.9075
61783542,GH0783820,16,0,-2.1285,4.8325
57943486,GH0571408,10,0,-1.8085,6.6175
53003537,GH0296218,4,0,-1.9485,8.6025
55349608,GH0417492,7,0,-2.7285,7.6725
61326337,GH0775400,16,0,-1.8285,5.0775
52673124,GH0281008,6,0,-0.1035,8.7325
57337603,GH0533020,10,0,-2.4835,6.8675
49540349,GH0127797,3,0,0.2265,9.9525
61026561,GH0765109,16,0,-1.4935,5.2275
48235010,GH0064589,1,0,-2.3385,10.4525
58681625,GH0620979,14,0,-1.1785,6.3075
47498232,GH0031162,1,0,-1.8735,10.7375
47472532,GH0029880,1,0,-2.5935,10.7475
53537309,GH0322872,8,0,-0.5835,8.3925
55012183,GH0399182,8,0,-0.5435,7.8075
50818147,GH0188455,4,0,-2.6285,9.4575
58340145,GH0597182,13,0,-3.1685,6.4525
55663062,GH0435232,8,0,-0.7385,7.5475
57882984,GH0567383,10,0,-2.4735,6.6425
58762071,GH0626917,14,0,-0.7485,6.2725
52812768,GH0287188,4,0,-1.9735,8.6775
53905032,GH0341526,9,0,-0.4985,8.2475
56801297,GH0500552,10,0,-2.1935,7.0875
53955709,GH0344060,9,0,-0.3435,8.2275
51281058,GH0211881,5,0,-1.4585,9.2775
52430976,GH0269305,5,0,-1.2435,8.8275
52150607,GH0255259,4,0,-2.3385,8.9375
51242301,CI0177077,4,0,-2.7285,9.2925
53435672,GH0317762,8,0,-0.5785,8.4325
51703456,GH0233129,5,0,-1.3885,9.1125
55812594,GH0443116,10,0,-2.6385,7.4875
58898401,GH0636649,13,0,-2.3585,6.2125
52138221,GH0254992,6,0,-0.5085,8.9425
58542815,GH0611417,15,0,0.0965,6.3675
55537911,TG0132594,9,0,0.5415,7.5975
60430661,CI0954610,16,0,-2.7885,5.5125
59157530,GH0656849,15,0,1.0915,6.0975
56148959,GH0462526,12,0,-0.3785,7.3525
57374615,GH0535848,12,0,0.4365,6.8525
53156317,GH0303904,6,0,-0.3185,8.5425
53790649,GH0335427,7,0,-2.3735,8.2925
49902457,GH0144791,1,0,-1.9835,9.8125
54597802,GH0376482,7,0,-1.8435,7.9725
60451868,GH0740717,16,0,-2.5135,5.5025
57556508,GH0547105,12,0,0.0565,6.7775
47511321,GH0032039,3,0,-0.3435,10.7325
60462851,GH0741621,16,0,-0.4285,5.4975
58220883,GH0590048,15,0,0.6815,6.5025
52953004,GH0294112,6,0,-0.3885,8.6225
53232544,GH0307730,9,0,0.0865,8.5125
49488418,GH0125265,3,0,0.0315,9.9725
54446989,GH0368505,7,0,-2.1885,8.0325
56874997,GH0505267,11,0,-0.5585,7.0575
53320961,GH0311703,7,0,-2.2335,8.4775
58304704,GH0595358,15,0,-0.4135,6.4675
56445396,GH0479657,10,0,-1.5985,7.2325
51856826,GH0240741,4,0,-2.1435,9.0525
53168576,GH0304083,7,0,-2.5335,8.5375
55962391,GH0451771,11,0,-0.8735,7.4275
55312636,GH0415868,9,0,-0.4285,7.6875
48143746,GH0060295,1,0,-2.6235,10.4875
51639752,GH0230123,6,0,-0.1985,9.1375
56764572,GH0498359,10,0,-2.2285,7.1025
57931819,GH0571030,12,0,0.2015,6.6225
54019040,GH0347273,9,0,0.1765,8.2025
60271801,GH0732265,14,0,-0.6285,5.5875
59079046,GH0650619,15,0,-0.0335,6.1325
54245929,GH0358517,8,0,-0.9935,8.1125
56972460,GH0510952,10,0,-1.7285,7.0175
57289305,GH0530328,11,0,-0.9685,6.8875
54798892,GH0387478,8,0,-0.8285,7.8925
59412373,GH0675564,13,0,-1.6235,5.9825
58554429,GH0612180,15,0,-0.1485,6.3625
55175000,GH0408148,8,0,-0.7335,7.7425
59676713,GH0694894,13,0,-2.3885,5.8625
59885586,GH0710509,15,0,0.2465,5.7675
60599581,GH0747596,16,0,-1.2085,5.4325
52851406,GH0289447,6,0,0.3415,8.6625
57423066,GH0538746,12,0,-0.0585,6.8325
57337477,GH0532894,10,0,-3.1135,6.8675
57967535,GH0572889,10,0,-2.2085,6.6075
58704320,GH0622342,13,0,-2.7135,6.2975
60271700,GH0732164,14,0,-1.1335,5.5875
60132905,GH0724860,14,0,-0.7035,5.6525
58989058,GH0643659,14,0,-0.8935,6.1725
52507528,GH0273164,6,0,-0.5035,8.7975
58853306,GH0633616,14,0,-0.7635,6.2325
60303338,GH0733473,13,0,-2.6485,5.5725
60132616,GH0724571,13,0,-2.1485,5.6525
61178777,GH0770204,16,0,-2.5685,5.1525
60430838,GH0739851,16,0,-1.9035,5.5125
59993030,GH0716528,13,0,-2.5485,5.7175
49811901,GH0140430,1,0,-2.1485,9.8475
57167520,GH0522717,10,0,-1.7635,6.9375
54572636,GH0375102,7,0,-2.1185,7.9825
48235435,GH0065014,3,0,-0.2135,10.4525
57919145,GH0569648,10,0,-2.8135,6.6275
55950055,GH0451183,12,0,-0.3385,7.4325
53879513,GH0340084,8,0,-1.4335,8.2575
61383964,GH0777244,16,0,-2.0585,5.0475
51511930,GH0223772,6,0,0.4065,9.1875
57301495,GH0531113,11,0,-0.7885,6.8825
61277866,GH0773697,16,0,-1.4935,5.1025
48326347,GH0068815,1,0,-2.1985,10.4175
48471255,TG0021593,3,0,0.3015,10.3625
52316255,GH0263498,4,0,-2.1135,8.8725
59534057,GH0684799,15,0,-0.4385,5.9275
51435074,GH0219824,6,0,0.0865,9.2175
56898963,GH0506272,10,0,-2.9135,7.0475
52672960,GH0280844,5,0,-0.9235,8.7325
59323607,GH0668778,13,0,-2.4535,6.0225
58727250,GH0623973,13,0,-2.9185,6.2875
47206421,GH0018371,3,0,-0.4635,10.8525
58612228,GH0615923,13,0,-1.7785,6.3375
57046014,GH0515738,12,0,0.0215,6.9875
46954447,GH0007210,3,0,-0.0585,10.9525
58400245,GH0601288,13,0,-2.4485,6.4275
56850618,GH0503865,12,0,-0.2185,7.0675
54284011,GH0360722,9,0,0.4515,8.0975
52545385,GH0274639,4,0,-2.2285,8.7825
56198544,GH0465427,12,0,-0.3635,7.3325
52621949,GH0278380,5,0,-1.3885,8.7525
51498524,GH0222516,4,0,-2.6335,9.1925
59033796,GH0646790,13,0,-2.0285,6.1525
51626876,GH0229384,5,0,-0.6535,9.1425
49500878,GH0125370,1,0,-2.5585,9.9675
52023142,GH0249156,5,0,-1.3485,8.9875
59556090,GH0686422,15,0,-0.4285,5.9175
56568262,GH0486687,10,0,-2.5335,7.1825
50264272,GH0162665,3,0,0.1815,9.6725
54497785,GH0371653,9,0,0.4315,8.0125
56826121,GH0502366,12,0,-0.4135,7.0775
50147835,GH0156659,1,0,-1.7235,9.7175
52469331,GH0271317,6,0,-0.4785,8.8125
47193571,GH0017584,1,0,-1.5635,10.8575
55237648,GH0411698,9,0,-0.3935,7.7175
52609360,GH0277928,5,0,-0.6785,8.7575
57082295,GH0517639,11,0,-1.4835,6.9725
51690552,GH0232367,4,0,-1.9585,9.1175
50070795,GH0153268,3,0,0.0065,9.7475
54459871,GH0369471,8,0,-0.6285,8.0275
49032830,GH0102873,1,0,-1.5535,10.1475
51280813,GH0211636,4,0,-2.6835,9.2775
48313381,GH0068349,1,0,-1.5785,10.4225
60472966,GH0741661,16,0,-2.6385,5.4925
53168924,GH0304431,8,0,-0.7935,8.5375
58921100,GH0638377,13,0,-2.1135,6.2025
59390743,GH0674416,15,0,0.8815,5.9925
56272740,GH0469707,11,0,-0.7335,7.3025
58635371,GH0617551,13,0,-1.7985,6.3275
51204255,GH0208193,6,0,-0.4485,9.3075
56911797,GH0507630,12,0,0.1815,7.0425
60985025,GH0763346,16,0,-2.3485,5.2475
53092448,GH0300457,4,0,-2.0935,8.5675
58232314,GH0590258,13,0,-2.2185,6.4975
48758978,GH0089975,3,0,-0.1285,10.2525
47168455,GH0016594,2,0,-0.8435,10.8675
56911670,GH0507503,12,0,-0.4535,7.0425
58542221,GH0610823,13,0,-2.8735,6.3675
53003837,GH0296518,6,0,-0.4485,8.6025
58400655,GH0601698,15,0,-0.3985,6.4275
55850369,GH0445571,11,0,-0.7235,7.4725
57143049,GH0521130,10,0,-2.3485,6.9475
60239373,CI0937989,13,0,-2.8685,5.6025
59939516,GH0713661,14,0,-0.8685,5.7425
52774945,GH0285756,6,0,-0.1685,8.6925
57119207,GH0520182,12,0,0.2465,6.9575
55837461,CI0563032,10,0,-2.9585,7.4775
50740864,GH0184843,4,0,-2.3285,9.4875
50302412,GH0163993,1,0,-2.5185,9.6575
51818713,GH0239069,5,0,-0.8035,9.0675
60314368,GH0734399,14,0,-0.6885,5.5675
49928367,GH0146084,1,0,-1.7135,9.8025
58340576,GH0597613,14,0,-1.0135,6.4525
58612691,GH0616386,15,0,0.5365,6.3375
49954134,GH0147246,1,0,-2.1135,9.7925
58966921,GH0642373,15,0,1.0765,6.1825
53219764,GH0307006,9,0,-0.3985,8.5175
57580101,GH0547971,10,0,-3.2235,6.7675
59357282,GH0671695,15,0,-0.3185,6.0075
58716295,GH0623663,15,0,-0.2885,6.2925
47562525,GH0034303,3,0,-0.4585,10.7125
50328776,GH0165818,3,0,0.3615,9.6475
60014811,GH0718066,14,0,-1.1935,5.7075
60850108,GH0757997,16,0,-2.4035,5.3125
59257128,GH0663871,13,0,-1.9385,6.0525
52443787,GH0270002,5,0,-0.8585,8.8225
52584083,GH0276924,6,0,0.2565,8.7675
48169750,GH0061464,1,0,-2.8285,10.4775
58943661,GH0640006,13,0,-2.3635,6.1925
60175669,GH0727203,14,0,-0.8885,5.6325
60547039,GH0745301,16,0,-1.0335,5.4575
55062121,GH0401752,8,0,-1.4885,7.7875
61005893,GH0764309,16,0,-1.5185,5.2375
60335622,GH0735451,14,0,-0.7385,5.5575
61258286,GH0772938,16,0,-1.6385,5.1125
61412591,GH0778103,16,0,-1.8435,5.0325
57094287,GH0518172,10,0,-2.4835,6.9675
57021393,GH0514043,11,0,-1.1035,6.9975
52990781,GH0295567,4,0,-2.1785,8.6075
56789073,GH0499836,10,0,-2.1285,7.0925
53778532,GH0335337,9,0,0.4015,8.2975
59123685,GH0653938,14,0,-0.5985,6.1125
59950502,GH0714513,15,0,0.1565,5.7375
56654119,GH0491671,10,0,-2.9935,7.1475
54848962,GH0390065,8,0,-1.5185,7.8725
59665878,GH0694249,13,0,-1.5985,5.8675
58184138,GH0586982,13,0,-2.8085,6.5175
48053171,GH0056458,2,0,-0.5735,10.5225
60943874,GH0762027,16,0,-0.8635,5.2675
57592762,GH0549267,11,0,-0.5435,6.7625
58542653,GH0611255,14,0,-0.7135,6.3675
57349914,GH0533935,10,0,-1.6485,6.8625
56012038,GH0454446,11,0,-1.4285,7.4075
57798881,GH0562483,12,0,0.1665,6.6775
61077869,GH0766987,16,0,-1.9035,5.2025
50392796,GH0168492,1,0,-1.8935,9.6225
58887268,GH0636017,14,0,-1.3235,6.2175
50148034,GH0156858,2,0,-0.7285,9.7175
54283478,GH0360189,7,0,-2.2135,8.0975
47320070,GH0023267,1,0,-1.6235,10.8075
59257012,GH0663755,13,0,-2.5185,6.0525
59720792,GH0698229,13,0,-1.7685,5.8425
58316870,GH0596316,15,0,0.4215,6.4625
53219620,GH0306862,8,0,-1.1185,8.5175
49980336,GH0148844,3,0,-0.3285,9.7825
54321392,GH0362261,8,0,-1.4085,8.0825
57252971,GH0528217,12,0,-0.3035,6.9025
57749909,GH0558842,10,0,-2.5835,6.6975
53206640,CI0336769,7,0,-2.5885,8.5225
55074651,GH0402447,8,0,-1.4735,7.7825
60282246,GH0732596,13,0,-1.6635,5.5825
57398751,GH0537204,12,0,-0.2735,6.8425
60452032,GH0740881,16,0,-1.6935,5.5025
49202070,GH0110967,1,0,-1.9935,10.0825
52227604,GH0259580,6,0,0.3365,8.9075
59512066,GH0683230,15,0,-0.1535,5.9375
51075983,GH0201830,6,0,0.3365,9.3575
57677595,GH0554606,11,0,-0.6735,6.7275
47320077,GH0023274,1,0,-1.5885,10.8075
53562647,GH0324104,8,0,-0.8735,8.3825
56346995,GH0474163,12,0,-0.2085,7.2725
60047282,GH0720154,15,0,-0.0185,5.6925
60303533,GH0733668,13,0,-1.6735,5.5725
48117942,GH0059298,1,0,-1.5485,10.4975
50882892,GH0191899,5,0,-0.8885,9.4325
57580158,GH0548028,10,0,-2.9385,6.7675
54886577,GH0392091,7,0,-1.6335,7.8575
58256206,GH0591713,13,0,-2.8385,6.4875
51216752,GH0208507,4,0,-2.1385,9.3025
51882908,GH0242533,6,0,0.3565,9.0425
48523229,GH0078190,1,0,-1.8385,10.3425
50882639,GH0191646,4,0,-2.1535,9.4325
57495491,GH0542919,10,0,-1.8785,6.8025
59279631,GH0665840,15,0,-0.4735,6.0425
49423075,GH0121727,1,0,-2.0785,9.9975
54761098,GH0385307,8,0,-1.4685,7.9075
49618149,GH0131571,3,0,0.2815,9.9225
52367258,GH0266128,5,0,-1.5385,8.8525
58519182,GH0609548,14,0,-1.1435,6.3775
60641656,GH0749526,16,0,-0.7035,5.4125
49591907,GH0129998,2,0,-1.3135,9.9325
58565840,GH0612755,14,0,-1.3385,6.3575
56642366,GH0491461,12,0,-0.4135,7.1525
59000246,GH0644434,14,0,-1.2135,6.1675
55049554,GH0401024,7,0,-1.6735,7.7925
51511433,GH0223275,4,0,-2.0785,9.1875
53867088,GH0339693,9,0,-0.2235,8.2625
