id,fid,aoi,class,geometry
55387363,48872,8,1,-1.1035|7.6575
58160604,812,15,1,-0.2685|6.5275
59202118,72148,15,1,1.0615|6.0775
57131016,97160,10,1,-1.6185|6.9525
47105154,23736,1,1,-1.9935|10.8925
48719573,51199,2,1,-1.0135|10.2675
52813221,71990,6,1,0.2915|8.6775
56752867,39872,12,1,0.4715|7.1075
50431709,88440,2,1,-0.7585|9.6075
49592058,70886,2,1,-0.5585|9.9325
58887689,61109,15,1,0.7815|6.2175
48615142,36412,3,1,-0.1685|10.3075
53536935,22600,7,1,-2.4535|8.3925
52341730,21244,4,1,-1.9485|8.8625
53854533,29003,9,1,0.3365|8.2675
49280508,56506,3,1,-0.1835|10.0525
50367126,82677,2,1,-1.2935|9.6325
50031783,76410,2,1,-1.4485|9.7625
54861288,6728,7,1,-2.6385|7.8675
53435874,15837,9,1,0.4315|8.4325
48967680,56376,2,1,-1.3235|10.1725
58076140,53071,11,1,-1.4835|6.5625
57106753,32828,11,1,-1.0985|6.9625
47231617,11466,2,1,-0.8535|10.8425
47206361,11782,2,1,-0.7635|10.8525
54547793,26562,8,1,-0.7635|7.9925
51767475,33450,5,1,-1.0835|9.0875
50960105,11870,5,1,-0.7785|9.4025
48053103,34762,2,1,-0.9135|10.5225
50328509,83838,2,1,-0.9735|9.6475
48196244,38553,2,1,-0.7635|10.4675
48313508,40925,2,1,-0.9435|10.4225
53588177,17621,9,1,-0.1785|8.3725
47897395,42989,1,1,-2.1735|10.5825
56247871,12706,11,1,-1.3635|7.3125
46878521,17261,1,1,-2.5135|10.9825
54522815,45471,9,1,-0.0585|8.0025
54220934,39489,9,1,0.0764999999999998|8.1225
48824369,45940,3,1,-0.0385|10.2275
54786325,32910,8,1,-0.8935|7.8975
46904133,6894,3,1,-0.1935|10.9725
55675759,67260,9,1,0.1965|7.5425
56297241,64704,10,1,-1.8835|7.2925
55187305,81138,7,1,-1.8085|7.7375
53295989,8342,9,1,-0.0234999999999999|8.4875
56346596,69135,10,1,-2.2035|7.2725
52902252,71174,6,1,0.1615|8.6425
47370712,30325,1,1,-1.9035|10.7875
55012090,38096,8,1,-1.0085|7.8075
52380300,54698,6,1,0.0314999999999999|8.8475
61393574,20845,16,1,-1.7435|5.0425
57677350,112466,10,1,-1.8985|6.7275
51024623,82787,6,1,0.5365|9.3775
49254416,63509,2,1,-0.5435|10.0625
50199533,80049,2,1,-1.1335|9.6975
56222909,61409,10,1,-2.3885|7.3225
48444961,33845,3,1,0.1065|10.3725
55562659,56057,8,1,-1.2035|7.5875
56136324,8988,11,1,-1.5285|7.3575
50160818,79513,2,1,-1.2835|9.7125
55875098,45911,10,1,-1.6435|7.4625
59368501,26157,15,1,0.3965|6.0025
47651978,11266,1,1,-2.7935|10.6775
47269472,13343,2,1,-1.3285|10.8275
54208321,39191,9,1,0.0514999999999999|8.1275
50715645,4407,6,1,0.4415|9.4975
56764750,23068,11,1,-1.3385|7.1025
59224370,72001,15,1,1.0215|6.0675
54949265,72175,7,1,-1.7135|7.8325
54873836,6680,7,1,-2.6235|7.8625
53143239,26212,4,1,-2.1985|8.5475
48131275,24438,3,1,0.0764999999999998|10.4925
50019212,80330,3,1,0.2615|9.7675
57532317,28396,12,1,0.3515|6.7875
55124728,77290,7,1,-1.6235|7.7625
59611236,31066,15,1,0.1415|5.8925
59246534,70226,15,1,0.6515|6.0575
55062365,60921,9,1,-0.2685|7.7875
50625157,3841,5,1,-0.7085|9.5325
56124281,4535,12,1,0.2965|7.3625
49202259,62308,2,1,-1.0485|10.0825
50676953,4307,6,1,0.4265|9.5125
51793289,41139,6,1,0.0364999999999998|9.0775
56543910,17233,11,1,-1.3735|7.1925
55312209,12220,7,1,-2.5635|7.6875
49954013,62404,1,1,-2.7185|9.7925
55775362,38870,10,1,-1.6785|7.5025
52711128,42260,5,1,-1.0235|8.7175
47383600,18528,2,1,-0.9185|10.7825
51255464,21555,5,1,-1.0785|9.2875
59223964,18370,14,1,-1.0085|6.0675
56875189,15547,12,1,0.4015|7.0575
59423671,26799,15,1,-0.4285|5.9775
50251033,100005,1,1,-1.5435|9.6775
57179829,35799,11,1,-1.0885|6.9325
54924540,55449,9,1,0.0564999999999998|7.8425
55713025,2557,11,1,-1.0735|7.5275
54132175,38168,7,1,-2.3835|8.1575
53461203,13493,9,1,-0.00349999999999984|8.4225
58955581,64116,15,1,0.7815|6.1875
55162583,61099,9,1,-0.2135|7.7475
60346296,48989,15,1,-0.4985|5.5525
46916697,6999,3,1,-0.2435|10.9675
53879843,28677,9,1,0.2165|8.2575
52520403,59104,6,1,0.2015|8.7925
54043814,34789,7,1,-2.3485|8.1925
47910214,15649,1,1,-2.7335|10.5775
47181062,10993,2,1,-0.9485|10.8625
50702164,6759,4,1,-2.4985|9.5025
56124281,4519,12,1,0.2965|7.3625
55499765,89985,7,1,-2.0885|7.6125
57009332,16291,12,1,-0.4085|7.0025
57967891,33193,12,1,-0.4285|6.6075
61459697,2845,16,1,-2.6735|5.0075
57689972,43471,12,1,0.6215|6.7225
47651982,11645,1,1,-2.7735|10.6775
55062226,41839,8,1,-0.9635|7.7875
55312227,83017,7,1,-2.4735|7.6875
52864066,70712,6,1,0.0314999999999999|8.6575
58400139,1986,13,1,-2.9785|6.4275
54986765,69207,7,1,-2.2785|7.8175
48941798,48418,3,1,-0.2985|10.1825
51690761,31596,5,1,-0.9135|9.1175
47282131,13203,2,1,-1.3435|10.8225
53638572,26180,7,1,-2.0235|8.3525
53626381,70306,9,1,0.4665|8.3575
52952975,72918,6,1,-0.5335|8.6225
46929108,4096,2,1,-1.0585|10.9625
49540210,63426,3,1,-0.4685|9.9525
49579075,70480,2,1,-0.6535|9.9375
55762980,2081,11,1,-1.1785|7.5075
53727855,70887,9,1,0.4915|8.3175
51294015,22705,5,1,-0.8285|9.2725
51486310,31486,6,1,0.2865|9.1975
55875141,3905,11,1,-1.4285|7.4625
50831582,7085,6,1,0.1015|9.4525
48745803,52463,2,1,-0.6235|10.2575
55650302,95703,7,1,-1.9535|7.5525
46828405,16752,1,1,-1.6335|11.0025
46790658,16824,1,1,-1.5935|11.0175
53575217,7384,8,1,-1.5035|8.3775
58716451,54707,15,1,0.4915|6.2925
49695618,69245,2,1,-1.0135|9.8925
48836939,80117,1,1,-2.5335|10.2225
48954969,51231,3,1,0.3365|10.1775
56297348,12731,11,1,-1.3485|7.2925
56185974,13324,11,1,-1.2635|7.3375
50264075,84522,2,1,-0.8035|9.6725
48941729,58497,2,1,-0.6435|10.1825
50650917,3230,5,1,-0.8035|9.5225
51357761,11690,4,1,-2.4085|9.2475
55274844,80210,7,1,-2.0385|7.7025
60261244,48818,15,1,-0.1335|5.5925
53194161,20204,7,1,-1.5535|8.5275
48222337,39207,2,1,-0.5635|10.4575
48863618,47195,3,1,0.2615|10.2125
46966870,5134,2,1,-0.8185|10.9475
53423085,8572,9,1,0.0364999999999998|8.4375
50018909,76824,2,1,-1.2535|9.7675
49371464,59946,3,1,-0.3035|10.0175
47092802,8740,2,1,-0.7185|10.8975
58051982,120942,10,1,-1.8335|6.5725
51588642,33994,6,1,0.0465|9.1575
53397737,10653,9,1,0.4065|8.4475
52584070,63071,6,1,0.1915|8.7675
55437064,83166,7,1,-2.4185|7.6375
55712912,39145,10,1,-1.6385|7.5275
49410000,89363,1,1,-2.5035|10.0025
54848869,66063,7,1,-1.9835|7.8725
47256836,13768,2,1,-1.2285|10.8325
57410876,24960,12,1,-0.3335|6.8375
47549699,16008,3,1,-0.4985|10.7175
56061655,55446,10,1,-2.2485|7.3875
59863614,40559,15,1,-0.3635|5.7775
53219874,3456,9,1,0.1515|8.5175
47600762,36416,1,1,-1.7335|10.6975
49410564,62521,3,1,0.3165|10.0025
50044762,77011,2,1,-1.0935|9.7575
51114493,17877,6,1,0.1715|9.3425
56886866,87385,10,1,-2.3135|7.0525
54962053,56882,9,1,-0.4635|7.8275
56470051,16563,11,1,-1.5085|7.2225
52622233,62300,6,1,0.0314999999999999|8.7525
51434857,24897,5,1,-0.9985|9.2175
58921711,61803,15,1,0.9415|6.2025
57726206,29780,12,1,0.0465|6.7075
55900021,46916,10,1,-1.5485|7.4525
59423855,74452,15,1,0.4915|5.9775
51062964,14360,6,1,-0.5135|9.3625
59067959,62895,15,1,0.5365|6.1375
51678031,32315,5,1,-0.6185|9.1225
51242699,19646,5,1,-0.7385|9.2925
48693351,50125,2,1,-1.3635|10.2775
54686109,53470,9,1,0.3315|7.9375
46979241,19994,1,1,-1.8585|10.9425
59918145,42606,15,1,0.1315|5.7525
55337346,86988,7,1,-1.6585|7.6775
54848926,67321,7,1,-1.6985|7.8725
50844245,6489,5,1,-0.9935|9.4475
58472363,52196,15,1,0.6815|6.3975
48274386,41372,2,1,-0.8235|10.4375
46891153,18444,1,1,-2.2085|10.9775
49656484,93391,1,1,-2.3985|9.9075
55712899,38506,10,1,-1.7035|7.5275
59798011,39143,15,1,0.2465|5.8075
49851167,76348,3,1,0.1365|9.8325
50612399,1651,6,1,-0.0434999999999999|9.5375
58966897,64875,15,1,0.9565|6.1825
52609175,23363,4,1,-1.6035|8.7575
51281351,25978,6,1,0.00649999999999995|9.2775
58577890,53826,15,1,0.7215|6.3525
58898835,14373,15,1,-0.1885|6.2125
60057719,44180,14,1,-1.5135|5.6875
59512205,76228,15,1,0.5415|5.9375
48693420,51110,2,1,-1.0185|10.2775
51971795,5725,4,1,-2.5785|9.0075
59202103,71743,15,1,0.9865|6.0775
55149763,76872,7,1,-1.6985|7.7525
59874664,42805,15,1,0.2065|5.7725
55637825,97098,7,1,-1.7035|7.5575
52189311,51368,6,1,0.0265|8.9225
59841786,38433,15,1,-0.0335000000000001|5.7875
54333923,48930,7,1,-1.6485|8.0775
48235426,25662,3,1,-0.2585|10.4525
55437333,52957,8,1,-1.0735|7.6375
54510092,26227,8,1,-0.8585|8.0075
53879900,71709,9,1,0.5015|8.2575
58589373,7239,15,1,0.00649999999999995|6.3475
53270588,2552,9,1,0.00150000000000006|8.4975
55587635,96451,7,1,-1.8385|7.5775
53778302,10870,8,1,-0.7485|8.2975
50831532,5746,6,1,-0.1485|9.4525
56247795,65535,10,1,-1.7435|7.3125
48235501,27225,3,1,0.1165|10.4525
59056746,62971,15,1,0.5215|6.1425
54082124,33855,9,1,-0.2635|8.1775
56235486,12599,11,1,-1.4035|7.3175
58944272,60684,15,1,0.6915|6.1925
47600841,20557,2,1,-1.3385|10.6975
50109220,79168,2,1,-1.3685|9.7325
53232311,1209,8,1,-1.0785|8.5125
57580764,28018,12,1,0.0914999999999999|6.7675
55474729,90519,7,1,-1.9735|7.6225
55974658,52373,10,1,-1.7285|7.4225
53359467,6490,9,1,-0.3085|8.4625
55625060,16461,7,1,-2.8785|7.5625
50831541,6150,6,1,-0.1035|9.4525
56433400,9036,12,1,0.0415000000000001|7.2375
54308588,45366,7,1,-2.5285|8.0875
50328440,82689,2,1,-1.3185|9.6475
50664016,3332,6,1,0.2165|9.5175
59753708,55155,13,1,-1.8685|5.8275
48471079,45882,2,1,-0.5785|10.3625
56136430,11454,11,1,-0.9985|7.3575
56531618,17190,11,1,-1.3485|7.1975
60025741,44308,15,1,-0.2835|5.7025
57726304,43167,12,1,0.5365|6.7075
50612265,3825,5,1,-0.7135|9.5375
58921705,61756,15,1,0.9115|6.2025
53156384,79105,6,1,0.0165000000000002|8.5425
52456725,58800,6,1,0.1615|8.8175
49734575,70759,3,1,-0.4685|9.8775
51114544,23792,6,1,0.4265|9.3425
50638251,3873,6,1,0.3215|9.5275
47142835,4751,1,1,-2.7485|10.8775
51319887,27819,6,1,0.3265|9.2625
55174808,77034,7,1,-1.6935|7.7425
55999381,47063,10,1,-2.4985|7.4125
51511923,31944,6,1,0.3715|9.1875
53194536,4721,9,1,0.3215|8.5275
54735879,60964,7,1,-1.9735|7.9175
60303751,56286,14,1,-0.5835|5.5725
58040388,37136,12,1,0.4315|6.5775
60282447,55606,14,1,-0.6585|5.5825
59235502,72159,15,1,1.0715|6.0625
54333764,45592,7,1,-2.4435|8.0775
46903804,20180,1,1,-1.8385|10.9725
54082042,17866,8,1,-0.6735|8.1775
49098083,59876,2,1,-1.0685|10.1225
48169759,47159,1,1,-2.7835|10.4775
58196231,19899,13,1,-2.4335|6.5125
47118103,9045,3,1,-0.2785|10.8875
55187262,80162,7,1,-2.0235|7.7375
47218627,5356,1,1,-2.6135|10.8475
59863624,40825,15,1,-0.3135|5.7775
50921441,9751,5,1,-1.1585|9.4175
47626404,38042,1,1,-1.9985|10.6875
47408864,33346,1,1,-1.8785|10.7725
50083651,78257,3,1,-0.2335|9.7425
48889436,53794,2,1,-1.1885|10.2025
57398763,23355,12,1,-0.2135|6.8425
49760058,94725,1,1,-2.5185|9.8675
47383747,15525,3,1,-0.1835|10.7825
49941076,62274,1,1,-2.7885|9.7975
59534178,31136,15,1,0.1665|5.9275
47307421,12857,2,1,-1.5385|10.8125
53295618,21806,7,1,-1.8785|8.4875
59917852,38038,14,1,-1.3335|5.7525
55562974,67871,9,1,0.3715|7.5875
56309500,68403,10,1,-2.3885|7.2875
48365960,41473,2,1,-0.8085|10.4025
48745900,41062,3,1,-0.1385|10.2575
52290698,6206,4,1,-2.6285|8.8825
49436507,61758,3,1,0.1365|9.9925
50857107,6113,5,1,-1.0785|9.4425
52864111,71921,6,1,0.2565|8.6575
47193882,12009,3,1,-0.00850000000000017|10.8575
56960655,17627,12,1,0.2765|7.0225
59101541,66436,15,1,0.5115|6.1225
51204358,22020,6,1,0.0665|9.3075
47574914,10238,1,1,-2.6435|10.7075
47664908,36842,1,1,-2.5035|10.6725
55612829,55436,8,1,-1.3435|7.5675
58955595,64247,15,1,0.8515|6.1875
60504756,6711,16,1,-1.8735|5.4775
56247757,64502,10,1,-1.9335|7.3125
52672901,41797,5,1,-1.2185|8.7325
48392239,41850,2,1,-0.7285|10.3925
51639794,37741,6,1,0.0114999999999998|9.1375
49228506,57457,3,1,0.0465|10.0725
48615070,34881,3,1,-0.5285|10.3075
55999354,6141,10,1,-2.6335|7.4125
59841832,38943,15,1,0.1965|5.7875
57240792,20842,12,1,-0.4035|6.9075
49617904,69533,2,1,-0.9435|9.9225
54711101,51492,9,1,-0.2685|7.9275
55637853,97837,7,1,-1.5635|7.5575
54522897,47401,9,1,0.3515|8.0025
49980201,77203,2,1,-1.0035|9.7825
56161421,4019,12,1,-0.0735000000000001|7.3475
54861456,66699,7,1,-1.7985|7.8675
55150083,61495,9,1,-0.0985|7.7525
57883400,33178,12,1,-0.3935|6.6425
50728256,6766,5,1,-0.9485|9.4925
58412710,4776,15,1,-0.0385|6.4225
50676710,3425,5,1,-0.7885|9.5125
59928858,41324,15,1,-0.2385|5.7475
51985113,45129,6,1,0.1265|9.0025
51844439,40281,6,1,-0.1185|9.0575
53118241,78070,6,1,-0.1585|8.5575
52634925,61166,6,1,-0.1585|8.7475
59765009,37705,15,1,-0.2335|5.8225
55099889,43725,8,1,-0.5535|7.7725
56247759,64569,10,1,-1.9235|7.3125
50251136,83758,2,1,-1.0285|9.6775
48326676,42382,2,1,-0.5535|10.4175
55562383,18047,7,1,-2.5835|7.5875
50392903,85978,2,1,-1.3585|9.6225
52189314,51248,6,1,0.0415000000000001|8.9225
48379133,42444,2,1,-0.5885|10.3975
54107290,17833,8,1,-0.6685|8.1675
54773766,32790,8,1,-0.9135|7.9025
52163684,37693,5,1,-0.6835|8.9325
46991821,23981,1,1,-1.8585|10.9375
55287590,46400,8,1,-0.7935|7.6975
50895921,11497,6,1,-0.0885000000000003|9.4275
54535040,52655,7,1,-1.7385|7.9975
54270943,43691,7,1,-1.9185|8.1025
55362140,82973,7,1,-2.4535|7.6675
53245071,2268,8,1,-0.6685|8.5075
55537577,52766,8,1,-1.1285|7.5975
55549835,18016,7,1,-2.5785|7.5925
48392336,28525,3,1,-0.2435|10.3925
47383636,19319,2,1,-0.7385|10.7825
55011901,70935,7,1,-1.9535|7.8075
48641144,48173,2,1,-0.9035|10.2975
55537677,54636,8,1,-0.6285|7.5975
59434891,28960,15,1,0.3915|5.9725
56728069,24652,11,1,-1.0335|7.1175
48378794,71844,1,1,-2.2835|10.3975
49189420,56648,3,1,-0.1735|10.0875
46954007,18311,1,1,-2.2585|10.9525
53321411,8655,9,1,0.0165000000000002|8.4775
58075835,32645,10,1,-3.0085|6.5625
46866115,20513,1,1,-1.6985|10.9875
57240822,21223,12,1,-0.2535|6.9075
49682676,69421,2,1,-0.9685|9.8975
53282970,19913,7,1,-1.5985|8.4925
51088855,19023,6,1,0.4515|9.3525
56936284,40853,12,1,0.5015|7.0325
51754783,32599,5,1,-0.5835|9.0925
56519301,16934,11,1,-1.4285|7.2025
50805854,8603,6,1,0.3665|9.4625
48667366,39105,3,1,-0.5385|10.2875
55087347,43385,8,1,-0.6285|7.7775
48523335,43289,2,1,-1.3085|10.3425
50960227,10827,6,1,-0.1685|9.4025
55374789,87497,7,1,-1.5935|7.6625
55675495,56535,8,1,-1.1235|7.5425
56383493,11420,10,1,-2.8585|7.2575
58796597,57120,15,1,0.4665|6.2575
56813696,26504,11,1,-1.3735|7.0825
49462242,66770,2,1,-1.0335|9.9825
56260583,6450,12,1,0.3315|7.3075
49345092,90338,1,1,-2.2185|10.0275
50985877,9543,6,1,-0.4335|9.3925
56936088,16186,12,1,-0.4785|7.0325
56654389,82762,10,1,-1.6435|7.1475
54509941,53350,7,1,-1.6135|8.0075
48823993,81858,1,1,-1.9185|10.2275
54597753,55572,7,1,-2.0885|7.9725
47067667,8648,3,1,-0.3885|10.9075
55750517,2603,11,1,-1.0635|7.5125
56297323,12178,11,1,-1.4735|7.2925
57568538,26521,12,1,-0.4185|6.7725
51050254,17951,6,1,0.1865|9.3675
47421971,15764,3,1,-0.0885000000000003|10.7675
54283843,37540,9,1,-0.3885|8.0975
56691095,84202,10,1,-2.0735|7.1325
49837923,73859,2,1,-1.4185|9.8375
59589299,76075,15,1,0.4865|5.9025
60536302,5867,16,1,-2.0985|5.4625
54886405,63408,7,1,-2.4935|7.8575
54396811,49105,7,1,-1.6285|8.0525
48954437,83574,1,1,-2.3235|10.1775
46765531,592,2,1,-1.2035|11.0275
52685771,64193,6,1,-0.5135|8.7275
49941584,74681,3,1,-0.2485|9.7975
49501143,66309,2,1,-1.2335|9.9675
54534876,2328,7,1,-2.5585|7.9975
48339361,49201,1,1,-2.6335|10.4125
59090413,67821,15,1,0.8265|6.1275
48811194,55614,2,1,-0.5535|10.2325
50276928,83776,2,1,-1.0085|9.6675
56309669,74097,10,1,-1.5435|7.2875
52851314,69847,6,1,-0.1185|8.6625
50057388,97254,1,1,-2.5035|9.7525
49954606,76838,3,1,0.2465|9.7925
56148461,7241,10,1,-2.8685|7.3525
50998668,15858,5,1,-0.7335|9.3875
47205967,4949,1,1,-2.7335|10.8525
53676599,28861,7,1,-2.1935|8.3375
53791076,21933,9,1,-0.2385|8.2925
51357747,11520,4,1,-2.4785|9.2475
56874696,88150,10,1,-2.0635|7.0575
57021638,17550,12,1,0.1215|6.9975
48771821,50262,2,1,-1.2935|10.2475
46753156,5768,3,1,-0.00349999999999984|11.0325
49280520,56850,3,1,-0.1235|10.0525
56222978,63262,10,1,-2.0435|7.3225
54597702,54720,7,1,-2.3435|7.9725
54220897,38467,9,1,-0.1085|8.1225
56346581,68860,10,1,-2.2785|7.2725
50805821,7643,6,1,0.2015|9.4625
47677711,11065,1,1,-2.8585|10.6675
59011900,64322,15,1,0.8315|6.1625
46588930,1259,3,1,-0.3235|11.0975
47434201,8217,1,1,-2.7385|10.7625
48470668,50741,1,1,-2.6335|10.3625
53664046,9464,8,1,-1.5285|8.3425
55875055,44229,10,1,-1.8585|7.4625
55024379,69467,7,1,-2.2335|7.8025
48484090,44040,2,1,-1.0835|10.3575
53194359,2642,8,1,-0.5635|8.5275
47218786,27681,1,1,-1.8185|10.8475
57653106,112620,10,1,-1.9185|6.7375
48849942,53718,1,1,-2.8285|10.2175
50534861,91692,2,1,-0.8635|9.5675
51011656,16398,6,1,-0.0434999999999999|9.3825
46513396,887,3,1,-0.4185|11.1275
55600208,97090,7,1,-1.7185|7.5725
54911681,33927,8,1,-1.5335|7.8475
54044337,32555,9,1,0.2665|8.1925
50960040,9956,5,1,-1.1035|9.4025
49592093,67432,3,1,-0.3835|9.9325
55087164,77329,7,1,-1.5435|7.7775
55600035,18117,7,1,-2.5835|7.5725
59401688,28539,15,1,0.2715|5.9875
54220547,43985,7,1,-1.8585|8.1225
53435641,6900,8,1,-0.7335|8.4325
53828633,31082,7,1,-2.4985|8.2775
53308692,8066,9,1,-0.0434999999999999|8.4825
51870037,40581,6,1,-0.0485000000000002|9.0475
47193677,10744,2,1,-1.0335|10.8575
53854499,28453,9,1,0.1665|8.2675
47807024,41818,1,1,-1.7585|10.6175
47755166,11440,1,1,-2.7985|10.6375
46803373,1438,2,1,-0.9685|11.0125
56024370,50528,10,1,-1.9885|7.4025
47536832,22742,2,1,-0.7835|10.7225
55462153,89087,7,1,-2.2035|7.6275
59123981,68142,15,1,0.881500000000001|6.1125
48902581,55167,2,1,-0.7035|10.1975
56703352,84222,10,1,-2.0785|7.1275
55212292,79950,7,1,-2.0435|7.7275
54472397,26206,8,1,-0.8435|8.0225
51140255,83321,6,1,0.5365|9.3325
49058958,59654,2,1,-1.2335|10.1375
61047295,45263,16,1,-0.8285|5.2175
58088546,36702,12,1,0.3515|6.5575
57543923,109557,10,1,-2.2435|6.7825
58773595,11122,15,1,-0.3185|6.2675
51408930,3615,4,1,-2.6285|9.2275
47703843,24513,2,1,-1.2385|10.6575
49877008,75966,3,1,0.0514999999999999|9.8225
59457004,74293,15,1,0.4665|5.9625
49708762,71716,3,1,-0.0434999999999999|9.8875
49863890,74972,2,1,-0.8935|9.8275
57447148,42292,11,1,-0.9835|6.8225
56580860,21384,11,1,-0.9835|7.1775
59390662,74390,15,1,0.4765|5.9925
48745975,42808,3,1,0.2365|10.2575
56173358,55028,10,1,-2.3735|7.3425
55399651,84938,7,1,-2.0435|7.6525
49889933,75975,3,1,0.0364999999999998|9.8175
59666329,78118,15,1,0.6565|5.8675
48588860,48472,2,1,-0.8035|10.3175
55487125,15407,7,1,-2.6435|7.6175
50057710,77747,2,1,-0.8935|9.7525
56272592,12180,11,1,-1.4735|7.3025
50070707,77569,3,1,-0.4335|9.7475
46891414,4757,2,1,-0.9035|10.9775
47639483,25229,2,1,-0.9135|10.6825
53270517,892,9,1,-0.3535|8.4975
53854371,25536,9,1,-0.4735|8.2675
47054969,8115,2,1,-0.8785|10.9125
51473317,26342,5,1,-0.6885|9.2025
59224354,71534,15,1,0.9415|6.0675
56297685,6498,12,1,0.3365|7.2925
55137328,40567,8,1,-1.2535|7.7575
54535384,45804,9,1,-0.0185|7.9975
49215547,58588,3,1,0.3215|10.0775
46991992,7544,2,1,-1.0035|10.9375
51050187,15890,6,1,-0.1485|9.3675
49850631,62932,1,1,-2.5435|9.8325
49280362,62818,2,1,-0.9135|10.0525
57507879,43029,11,1,-0.5785|6.7975
49293092,88244,1,1,-2.2885|10.0475
49656761,69257,2,1,-1.0135|9.9075
47690773,37881,1,1,-2.0585|10.6625
51870082,41734,6,1,0.1765|9.0475
55387642,65330,9,1,0.2915|7.6575
49254103,88551,1,1,-2.1085|10.0625
59000691,65326,15,1,1.0115|6.1675
57701809,47105,11,1,-0.7785|6.7175
47755455,27184,2,1,-1.3535|10.6375
47004597,7950,2,1,-0.8985|10.9325
55549948,90233,7,1,-2.0135|7.5925
48798208,45447,3,1,-0.1085|10.2375
50689576,2264,5,1,-0.9435|9.5075
58148519,1787,14,1,-0.5685|6.5325
59011767,17690,15,1,0.1665|6.1625
59457054,75417,15,1,0.7165|5.9625
53778075,30002,7,1,-1.8835|8.2975
59885564,42624,15,1,0.1365|5.7675
55825360,5300,11,1,-1.1435|7.4825
55637654,18029,7,1,-2.5585|7.5575
49384098,90653,1,1,-2.0985|10.0125
49254102,88651,1,1,-2.1135|10.0625
58624309,55497,15,1,0.7015|6.3325
48130863,67851,1,1,-1.9835|10.4925
48457536,50486,1,1,-2.6685|10.3675
56309515,68554,10,1,-2.3135|7.2875
47307321,29864,1,1,-2.0385|10.8125
56875096,14473,12,1,-0.0634999999999999|7.0575
52825925,71514,6,1,0.1815|8.6725
52953085,75000,6,1,0.0165000000000002|8.6225
49734735,73577,3,1,0.3315|9.8775
48562893,38017,3,1,0.1765|10.3275
47016850,4124,1,1,-2.5635|10.9275
52775004,66810,6,1,0.1265|8.6925
59786854,36345,14,1,-0.7085|5.8125
54195497,19038,8,1,-1.0285|8.1325
48339630,40093,2,1,-1.2885|10.4125
55537352,88928,7,1,-2.2535|7.5975
56519286,16568,11,1,-1.5035|7.2025
47067298,22507,1,1,-2.2335|10.9075
54472202,52362,7,1,-1.8185|8.0225
55663175,66934,9,1,-0.1735|7.5475
47665155,24465,2,1,-1.2685|10.6725
53866663,31397,7,1,-2.3485|8.2625
47370967,19761,2,1,-0.6285|10.7875
54623111,30137,8,1,-0.8285|7.9625
60229175,47449,15,1,-0.4985|5.6075
56185820,63575,10,1,-2.0335|7.3375
57532217,25282,12,1,-0.1485|6.7875
59268480,19457,14,1,-0.7135|6.0475
47118159,10021,3,1,0.00150000000000006|10.8875
53841815,28066,9,1,0.0815000000000001|8.2725
51460665,30363,6,1,0.0465|9.2075
55324877,87315,7,1,-1.6235|7.6825
58966876,64260,15,1,0.8515|6.1825
55174824,82161,7,1,-1.6135|7.7425
58554477,7451,15,1,0.0914999999999999|6.3625
59566899,26401,14,1,-1.4385|5.9125
49954388,75335,2,1,-0.8435|9.7925
58716460,54874,15,1,0.5365|6.2925
55688294,866,12,1,0.3365|7.5375
56235515,13381,11,1,-1.2585|7.3175
51255534,23196,5,1,-0.7285|9.2875
46513455,1888,3,1,-0.1235|11.1275
58100534,36130,12,1,0.1115|6.5525
47257057,13712,3,1,-0.1235|10.8325
53625942,27285,7,1,-1.7285|8.3575
52685650,41985,5,1,-1.1185|8.7275
54183058,38041,9,1,-0.1735|8.1375
50392985,87679,2,1,-0.9485|9.6225
55924801,42583,10,1,-2.1435|7.4425
55524718,15215,7,1,-2.7135|7.6025
58436616,5016,15,1,0.0665|6.4125
58807909,12290,15,1,-0.00349999999999984|6.2525
49358476,60192,3,1,-0.2735|10.0225
47231386,26941,1,1,-2.0085|10.8425
55675385,97329,7,1,-1.6735|7.5425
49033084,48638,3,1,-0.2835|10.1475
54372025,43275,9,1,0.1965|8.0625
57070173,32846,11,1,-1.1285|6.9775
53829216,29432,9,1,0.4165|8.2775
48091719,46038,1,1,-2.6535|10.5075
49578931,68334,2,1,-1.3735|9.9375
57919369,118824,10,1,-1.6935|6.6275
47358240,15181,2,1,-0.8535|10.7925
50083606,77474,3,1,-0.4585|9.7425
50470404,88624,2,1,-0.7285|9.5925
55612821,55445,8,1,-1.3835|7.5675
58750878,57390,15,1,0.5465|6.2775
56960169,91691,10,1,-2.1535|7.0225
51499022,29375,6,1,-0.1435|9.1925
59534246,75945,15,1,0.5065|5.9275
52418507,58434,6,1,0.0815000000000001|8.8325
54723647,51371,9,1,-0.3335|7.9225
53283288,2820,9,1,-0.00850000000000017|8.4925
55099714,40143,8,1,-1.4285|7.7725
59434859,28179,15,1,0.2315|5.9725
52431192,57294,6,1,-0.1635|8.8275
50908608,10908,5,1,-0.9935|9.4225
55199996,45769,8,1,-0.9435|7.7325
58739286,11852,15,1,-0.1035|6.2825
47282125,13192,2,1,-1.3735|10.8225
58899003,60500,15,1,0.6515|6.2125
54836474,34550,8,1,-1.2035|7.8775
52660439,66951,6,1,0.1165|8.7375
47794091,41577,1,1,-1.8485|10.6225
49838032,75173,2,1,-0.8735|9.8375
59056745,62875,15,1,0.5165|6.1425
51639295,14659,4,1,-2.4835|9.1375
56482230,75567,10,1,-2.1785|7.2175
55900006,46514,10,1,-1.6235|7.4525
49825229,71301,3,1,-0.2035|9.8425
53702053,30500,7,1,-1.7385|8.3275
53207221,4792,9,1,0.3165|8.5225
49552733,59611,1,1,-2.7035|9.9475
48811219,44047,3,1,-0.4285|10.2325
48092109,35283,2,1,-0.7035|10.5075
48523334,43276,2,1,-1.3135|10.3425
48850526,46328,3,1,0.0914999999999999|10.2175
49228270,62212,2,1,-1.1335|10.0725
47613798,22781,2,1,-0.7585|10.6925
55061908,8561,7,1,-2.5535|7.7875
51499038,33476,6,1,-0.0634999999999999|9.1925
54748306,4982,7,1,-2.6335|7.9125
50405798,86078,2,1,-1.3585|9.6175
48418386,43018,2,1,-1.3935|10.3825
55499855,92409,7,1,-1.6385|7.6125
54321723,43635,9,1,0.2465|8.0825
47975124,44195,1,1,-1.8735|10.5525
50857388,8515,6,1,0.3265|9.4425
56049079,4655,10,1,-2.9035|7.3925
57192134,20854,12,1,-0.4185|6.9275
51575542,26932,5,1,-1.4635|9.1625
47042313,6806,2,1,-1.1735|10.9175
48719267,53353,1,1,-2.5435|10.2675
49202557,59092,3,1,0.4415|10.0825
51754425,14855,4,1,-2.3735|9.0925
46866200,407,2,1,-1.2735|10.9875
51703795,38673,6,1,0.3065|9.1125
49747120,94928,1,1,-2.4785|9.8725
53613287,27972,7,1,-1.5535|8.3625
47768629,19636,3,1,-0.0385|10.6325
54560178,57754,7,1,-1.6235|7.9875
52444025,59598,6,1,0.3315|8.8225
54195767,40556,9,1,0.3215|8.1325
59368585,73838,15,1,0.8165|6.0025
51114407,15375,6,1,-0.2585|9.3425
48654142,50408,2,1,-1.2835|10.2925
55499759,89772,7,1,-2.1185|7.6125
48889698,46459,3,1,0.1215|10.2025
50780062,8484,6,1,0.3315|9.4725
49436048,90510,1,1,-2.1585|9.9925
50895873,9995,6,1,-0.3285|9.4275
54723165,4036,7,1,-2.7435|7.9225
51281443,83409,6,1,0.4665|9.2775
54119702,40769,7,1,-1.6835|8.1625
56074229,60391,10,1,-1.5535|7.3825
54409203,45345,7,1,-2.5385|8.0475
53942786,37256,7,1,-1.7035|8.2325
55200034,46611,8,1,-0.7535|7.7325
60641641,35310,16,1,-0.7785|5.4125
54308615,45793,7,1,-2.3935|8.0875
52253052,52141,6,1,0.1665|8.8975
50173949,82042,3,1,-0.1035|9.7075
54924093,64847,7,1,-2.1785|7.8425
54986865,72022,7,1,-1.7785|7.8175
54585100,3746,7,1,-2.5785|7.9775
55212195,77572,7,1,-2.5285|7.7275
53663954,29477,7,1,-1.9885|8.3425
47459870,32424,1,1,-2.0435|10.7525
59246569,71074,15,1,0.8265|6.0575
47105382,8073,2,1,-0.8535|10.8925
53715182,71162,9,1,0.5115|8.3225
47807011,41738,1,1,-1.8235|10.6175
59190948,71381,15,1,0.9065|6.0825
60165067,46065,15,1,-0.4185|5.6375
54886900,55265,9,1,-0.0185|7.8575
59368487,26014,15,1,0.3265|6.0025
55137182,75488,7,1,-1.9835|7.7575
57750436,29774,12,1,0.0514999999999999|6.6975
46878818,4272,2,1,-1.0285|10.9825
59423802,28219,15,1,0.2265|5.9775
49915815,76567,3,1,0.1665|9.8075
50044867,78832,2,1,-0.5685|9.7575
46954464,7973,3,1,0.0265|10.9525
51268436,24202,6,1,-0.3935|9.2825
48850275,53849,2,1,-1.1635|10.2175
56210541,61665,10,1,-2.3085|7.3275
47459879,32623,1,1,-1.9985|10.7525
49617940,70136,2,1,-0.7635|9.9225
57106876,18577,12,1,-0.4835|6.9625
50302788,85388,2,1,-0.6385|9.6575
49007006,48401,3,1,-0.3035|10.1575
46966809,3829,2,1,-1.1235|10.9475
56985070,17773,12,1,0.3015|7.0125
56210670,66366,10,1,-1.6635|7.3275
59852792,42902,15,1,0.2515|5.7825
50109326,81181,2,1,-0.8385|9.7325
47320264,15993,2,1,-0.6535|10.8075
54748391,59767,7,1,-2.2085|7.9125
53841883,29522,9,1,0.4215|8.2725
51383650,24934,5,1,-1.0035|9.2375
47562038,9228,1,1,-2.8935|10.7125
50831642,8713,6,1,0.4015|9.4525
56740293,23806,11,1,-1.1635|7.1125
56198707,6778,12,1,0.4515|7.3325
57386296,103304,10,1,-1.8585|6.8475
48053121,34948,2,1,-0.8235|10.5225
56148551,54571,10,1,-2.4185|7.3525
48706660,40515,3,1,-0.1985|10.2725
55825084,40260,10,1,-2.5235|7.4825
54534925,50406,7,1,-2.3135|7.9975
59896435,42403,15,1,0.0465|5.7625
47729653,24388,2,1,-1.2635|10.6475
50225417,85131,2,1,-0.6735|9.6875
54585439,29948,8,1,-0.8835|7.9775
50496173,91777,2,1,-0.8485|9.5825
49045746,83843,1,1,-2.1435|10.1425
53372215,7565,9,1,-0.1135|8.4575
50973209,81811,6,1,0.4815|9.3975
61636976,25214,16,1,-1.8535|4.9125
50908614,10755,5,1,-0.9635|9.4225
53562504,27920,7,1,-1.5885|8.3825
60345947,66210,13,1,-2.2435|5.5525
58761587,4815,13,1,-3.1685|6.2725
56309809,16240,11,1,-0.8435|7.2875
48811048,53571,2,1,-1.2835|10.2325
50792670,5926,5,1,-1.0935|9.4675
58088402,35570,12,1,-0.3685|6.5575
49462140,92983,1,1,-1.5435|9.9825
59808896,37869,15,1,-0.1435|5.8025
49825223,71313,3,1,-0.2335|9.8425
49137439,54767,3,1,0.2815|10.1075
56715424,17237,10,1,-2.9935|7.1225
56543943,17956,11,1,-1.2085|7.1925
53384970,9089,9,1,0.1165|8.4525
53054804,79924,6,1,0.2415|8.5825
53841763,26735,9,1,-0.1785|8.2725
56838162,26461,11,1,-1.3585|7.0725
56148812,11086,11,1,-1.1135|7.3525
55737920,39541,10,1,-1.5985|7.5175
50780055,8287,6,1,0.2965|9.4725
59034328,63399,15,1,0.6315|6.1525
53067355,76952,6,1,-0.5335|8.5775
49163440,53605,3,1,0.0615000000000001|10.0975
50289794,83226,2,1,-1.1435|9.6625
50908593,10195,5,1,-1.0685|9.4225
55287297,78769,7,1,-2.2585|7.6975
48470928,43297,2,1,-1.3335|10.3625
47357933,28773,1,1,-2.3885|10.7925
57386625,23350,12,1,-0.2135|6.8475
47358174,17593,2,1,-1.1835|10.7925
51242908,22974,6,1,0.3065|9.2925
56284932,67000,10,1,-1.6085|7.2975
50109259,79873,2,1,-1.1735|9.7325
59644313,77821,15,1,0.5415|5.8775
54623100,29899,8,1,-0.8835|7.9625
49397282,64295,2,1,-1.1385|10.0075
58978067,18520,15,1,0.4515|6.1775
53651678,19100,9,1,0.0665|8.3475
58773839,58932,15,1,0.9015|6.2675
55675226,93118,7,1,-2.4685|7.5425
59212987,21950,15,1,-0.2585|6.0725
49863897,75130,2,1,-0.8585|9.8275
47485581,20952,2,1,-1.2285|10.7425
53981048,30819,9,1,-0.1185|8.2175
58773715,13130,15,1,0.2815|6.2675
59168628,70908,15,1,0.7915|6.0925
47665021,38483,1,1,-1.9385|10.6725
56185910,67137,10,1,-1.5835|7.3375
47664870,11866,1,1,-2.6935|10.6725
57726091,29024,12,1,-0.5285|6.7075
53384449,20299,7,1,-2.4885|8.4525
53118218,,6,0,-0.2735|8.5575
51062689,,4,0,-1.8885|9.3625
59928465,,13,0,-2.2035|5.7475
47117640,,1,0,-2.5935|10.8875
53232353,,8,0,-0.8685|8.5125
59982468,,13,0,-1.5535|5.7225
60954003,,16,0,-2.0535|5.2625
59434372,,13,0,-2.2035|5.9725
54208271,,9,0,-0.1985|8.1275
49006753,,1,0,-1.5685|10.1575
59390545,,15,0,-0.1085|5.9925
57919710,,12,0,0.0114999999999998|6.6275
54698169,,7,0,-2.1435|7.9325
57094398,,10,0,-1.9285|6.9675
52227576,,6,0,0.1965|8.9075
56420933,,11,0,-0.6535|7.2425
55062388,,9,0,-0.1535|7.7875
54157785,,9,0,-0.4285|8.1475
52048888,,6,0,-0.3385|8.9775
58807919,,15,0,0.0465|6.2525
61258348,,16,0,-1.3285|5.1125
55763247,,12,0,0.1565|7.5075
54962026,,8,0,-0.5985|7.8275
48221985,,1,0,-2.3235|10.4575
60578555,,16,0,-1.2235|5.4425
52673054,,6,0,-0.4535|8.7325
47105428,,2,0,-0.6235|10.8925
58483946,,14,0,-0.6035|6.3925
48549257,,1,0,-2.5835|10.3325
58328865,,15,0,0.4115|6.4575
54069379,,8,0,-0.8435|8.1825
51383310,,4,0,-2.7035|9.2375
59101261,,14,0,-0.8885|6.1225
56691388,,11,0,-0.6085|7.1325
56593103,,11,0,-1.1935|7.1725
59490158,,15,0,0.6265|5.9475
48326748,,3,0,-0.1935|10.4175
52927555,,6,0,-0.4935|8.6325
58909748,,13,0,-2.2785|6.2075
56923705,,11,0,-1.3435|7.0375
57386395,,11,0,-1.3635|6.8475
61374269,,16,0,-2.6985|5.0525
52762167,,6,0,-0.4135|8.6975
58220106,,13,0,-3.2035|6.5025
57422799,,11,0,-1.3935|6.8325
49267368,,2,0,-0.8385|10.0575
59368164,,14,0,-1.2885|6.0025
59145695,,13,0,-2.2585|6.1025
56874594,,10,0,-2.5735|7.0575
51024255,,5,0,-1.3035|9.3775
51139606,,4,0,-2.7085|9.3325
56519236,,10,0,-1.7535|7.2025
53689697,,9,0,-0.1185|8.3325
52443793,,5,0,-0.8285|8.8225
58853600,,15,0,0.7065|6.2325
50818168,,4,0,-2.5235|9.4575
49721331,,1,0,-1.9435|9.8825
51344901,,4,0,-2.6785|9.2525
59939255,,13,0,-2.1735|5.7425
52838238,,4,0,-1.8785|8.6675
47396185,,1,0,-1.5985|10.7775
54987069,,8,0,-0.7585|7.8175
56580919,,11,0,-0.6885|7.1775
52329232,,5,0,-0.8435|8.8675
47833097,,2,0,-0.5685|10.6075
55688203,,12,0,-0.1185|7.5375
52749182,,4,0,-1.6935|8.7025
53384525,,7,0,-2.1085|8.4525
61297063,,16,0,-2.8935|5.0925
58460214,,14,0,-0.8335|6.4025
57434825,,10,0,-1.9335|6.8275
49630640,,1,0,-2.0535|9.9175
59907324,,15,0,0.1615|5.7575
56099308,,12,0,-0.4235|7.3725
52761894,,4,0,-1.7785|8.6975
60367164,,13,0,-2.3285|5.5425
60409773,,16,0,-1.3385|5.5225
48915323,,1,0,-2.2235|10.1925
56752328,,10,0,-2.2235|7.1075
61412552,,16,0,-2.0385|5.0325
59960944,,14,0,-1.5085|5.7325
58292521,,14,0,-1.3235|6.4725
50534983,,3,0,-0.2535|9.5675
48300303,,1,0,-1.6735|10.4275
52863750,,4,0,-1.5485|8.6575
47962081,,1,0,-2.2935|10.5575
51588296,,4,0,-1.6835|9.1575
51191148,,4,0,-1.7985|9.3125
49695533,,2,0,-1.4385|9.8925
56161231,,11,0,-1.0235|7.3475
59982443,,13,0,-1.6785|5.7225
50406020,,3,0,-0.2485|9.6175
57410892,,12,0,-0.2535|6.8375
49488063,,1,0,-1.7435|9.9725
58268296,,13,0,-2.4185|6.4825
49059019,,2,0,-0.9285|10.1375
60035968,,13,0,-2.8735|5.6975
57167492,,10,0,-1.9035|6.9375
47523831,,1,0,-1.7735|10.7275
48208933,,1,0,-2.4585|10.4625
50431498,,1,0,-1.8135|9.6075
52736880,,6,0,0.4415|8.7075
55362296,,7,0,-1.6735|7.6675
47307629,,3,0,-0.4985|10.8125
56012383,,12,0,0.2965|7.4075
61909895,,16,0,-2.0485|4.7625
59478798,,14,0,-0.9935|5.9525
58027762,,10,0,-2.4585|6.5825
53054577,,5,0,-0.8935|8.5825
49254254,,2,0,-1.3535|10.0625
56248133,,12,0,-0.0535000000000001|7.3125
46475861,,3,0,-0.3235|11.1425
49941300,,1,0,-1.6685|9.7975
47639437,,2,0,-1.1435|10.6825
54999546,,8,0,-1.0535|7.8125
60346023,,13,0,-1.8635|5.5525
49695751,,3,0,-0.3485|9.8925
60974681,,16,0,-2.2785|5.2525
55162590,,9,0,-0.1785|7.7475
53791246,,9,0,0.6115|8.2925
47434505,,2,0,-1.2185|10.7625
59808493,,13,0,-2.1585|5.8025
48484149,,2,0,-0.7885|10.3575
51255214,,4,0,-2.3285|9.2875
60651909,,16,0,-1.8285|5.4075
54409375,,7,0,-1.6785|8.0475
59830245,,13,0,-2.9785|5.7925
53435632,,8,0,-0.7785|8.4325
59078751,,14,0,-1.5085|6.1325
58352327,,13,0,-2.2285|6.4475
52914827,,5,0,-0.5485|8.6375
61765378,,16,0,-1.9185|4.8425
58530823,,14,0,-1.4385|6.3725
60100568,,13,0,-1.7285|5.6675
59588870,,13,0,-1.6585|5.9025
56568790,,12,0,0.1065|7.1825
49045740,,1,0,-2.1735|10.1425
51511698,,5,0,-0.7535|9.1875
51678230,,6,0,0.3765|9.1225
58483944,,14,0,-0.6135|6.3925
57738386,,12,0,0.3715|6.7025
59556078,,15,0,-0.4885|5.9175
58003842,,11,0,-1.5385|6.5925
57532269,,12,0,0.1115|6.7875
60420118,,16,0,-2.5785|5.5175
60303816,,15,0,-0.2585|5.5725
49384264,,2,0,-1.2685|10.0125
48549442,,1,0,-1.6585|10.3325
52291188,,6,0,-0.1785|8.8825
59512084,,15,0,-0.0634999999999999|5.9375
48104834,,1,0,-2.0735|10.5025
49150090,,1,0,-1.5885|10.1025
59721103,,15,0,-0.2135|5.8425
48169874,,1,0,-2.2085|10.4775
58448249,,14,0,-1.3085|6.4075
60787881,,16,0,-1.0685|5.3425
56923462,,10,0,-2.5585|7.0375
47168536,,3,0,-0.4385|10.8675
47871535,,1,0,-2.2135|10.5925
57434585,,10,0,-3.1335|6.8275
60239794,,14,0,-0.7635|5.6025
59190873,,15,0,0.5315|6.0825
57204217,,11,0,-0.8435|6.9225
59478686,,13,0,-1.5535|5.9525
53130548,,4,0,-2.1435|8.5525
55900193,,11,0,-0.6885|7.4525
47383291,,1,0,-2.4635|10.7825
59732214,,15,0,0.4365|5.8375
53981114,,9,0,0.2115|8.2175
60714796,,16,0,-1.1485|5.3775
52278347,,5,0,-0.7185|8.8875
54384126,,7,0,-2.1785|8.0575
50341662,,3,0,0.3215|9.6425
60122000,,13,0,-1.6885|5.6575
56086382,,10,0,-2.9385|7.3775
56666937,,12,0,-0.2385|7.1425
56543609,,10,0,-2.8785|7.1925
47396219,,2,0,-1.4285|10.7775
52240388,,6,0,0.5415|8.9025
60046759,,13,0,-2.6335|5.6925
58484055,,15,0,-0.0585|6.3925
50277059,,3,0,-0.3535|9.6675
53549867,,8,0,-1.2885|8.3875
58739093,,14,0,-1.0685|6.2825
54005865,,7,0,-2.4885|8.2075
53397201,,7,0,-2.2735|8.4475
61431387,,16,0,-2.6585|5.0225
50379978,,2,0,-1.5035|9.6275
59201548,,13,0,-1.7885|6.0775
55562781,,8,0,-0.5935|7.5875
59112399,,14,0,-1.1235|6.1175
47910267,,1,0,-2.4685|10.5775
58483474,,13,0,-2.9635|6.3925
57992180,,12,0,0.4265|6.5975
60609989,,16,0,-1.6835|5.4275
52889384,,5,0,-0.5835|8.6475
60399104,,16,0,-1.7035|5.5275
56629706,,10,0,-2.3535|7.1575
52481847,,4,0,-1.5685|8.8075
59367832,,13,0,-2.9485|6.0025
52927270,,4,0,-1.9185|8.6325
57592909,,12,0,0.1915|6.7625
58484092,,15,0,0.1265|6.3925
55550245,,9,0,-0.5285|7.5925
52736387,,4,0,-2.0235|8.7075
52812995,,5,0,-0.8385|8.6775
46753098,,3,0,-0.2935|11.0325
53143174,,4,0,-2.5235|8.5475
47626733,,3,0,-0.3535|10.6875
50612346,,6,0,-0.3085|9.5375
48889524,,2,0,-0.7485|10.2025
53117911,,4,0,-1.8085|8.5575
49837963,,2,0,-1.2185|9.8375
54573123,,9,0,0.3165|7.9825
58123970,,10,0,-3.0335|6.5425
58670090,,14,0,-1.2535|6.3125
57943429,,10,0,-2.0935|6.6175
56531938,,12,0,0.2515|7.1975
49293583,,3,0,0.1665|10.0475
61572134,,16,0,-2.1935|4.9475
47884869,,3,0,-0.1635|10.5875
59544590,,13,0,-2.8585|5.9225
49656503,,1,0,-2.3035|9.9075
53232052,,7,0,-2.3735|8.5125
51370676,,4,0,-1.8535|9.2425
52519987,,4,0,-1.8785|8.7925
55212586,,8,0,-0.5735|7.7275
58796274,,14,0,-1.1485|6.2575
49188900,,1,0,-2.7735|10.0875
57701365,,10,0,-2.9985|6.7175
49410513,,3,0,0.0615000000000001|10.0025
61599929,,16,0,-2.2985|4.9325
57228310,,10,0,-2.0085|6.9125
53980674,,7,0,-1.9885|8.2175
49280034,,1,0,-2.5535|10.0525
54936566,,7,0,-2.5135|7.8375
53219965,,9,0,0.6065|8.5175
51344995,,4,0,-2.2085|9.2525
57057668,,10,0,-2.6885|6.9825
60892020,,16,0,-0.7185|5.2925
55225215,,9,0,0.00649999999999995|7.7225
48183123,,2,0,-1.1685|10.4725
56284826,,10,0,-2.1385|7.2975
47130326,,1,0,-2.2185|10.8825
56642050,,10,0,-1.9935|7.1525
50767102,,6,0,-0.0135000000000001|9.4775
52914917,,6,0,-0.0985|8.6375
57155476,,11,0,-1.1035|6.9425
56703174,,10,0,-2.9685|7.1275
49189417,,3,0,-0.1885|10.0875
57374195,,10,0,-1.6635|6.8525
59698785,,13,0,-1.9385|5.8525
58830366,,13,0,-1.6735|6.2425
58531001,,14,0,-0.5485|6.3725
58340142,,13,0,-3.1835|6.4525
60282037,,13,0,-2.7085|5.5825
58704422,,13,0,-2.2035|6.2975
51997582,,5,0,-1.4035|8.9975
56911690,,12,0,-0.3535|7.0425
51895631,,6,0,0.0364999999999998|9.0375
61118648,,16,0,-1.5685|5.1825
51716268,,5,0,-1.2885|9.1075
53486428,,8,0,-0.9435|8.4125
61374240,,16,0,-2.8435|5.0525
53689582,,8,0,-0.6935|8.3325
57289511,,12,0,0.0615000000000001|6.8875
47294532,,1,0,-2.6635|10.8175
50328189,,1,0,-2.5735|9.6475
58955153,,14,0,-1.3585|6.1875
51882353,,4,0,-2.4185|9.0425
59939529,,14,0,-0.8035|5.7425
54207981,,7,0,-1.6485|8.1275
59179532,,15,0,-0.4485|6.0875
55036818,,7,0,-2.6985|7.7975
54572930,,8,0,-0.6485|7.9825
57094833,,12,0,0.2465|6.9675
48274029,,1,0,-2.6085|10.4375
61005951,,16,0,-1.2285|5.2375
52227221,,4,0,-1.5785|8.9075
57931750,,12,0,-0.1435|6.6225
57386517,,11,0,-0.7535|6.8475
55638007,,8,0,-0.7935|7.5575
59478595,,13,0,-2.0085|5.9525
60452206,,16,0,-0.8235|5.5025
49254284,,2,0,-1.2035|10.0625
54434749,,9,0,-0.5335|8.0375
53879593,,8,0,-1.0335|8.2575
47408850,,1,0,-1.9485|10.7725
56691421,,12,0,-0.4435|7.1325
53041749,,5,0,-1.4985|8.5875
52061715,,6,0,-0.0585|8.9725
51652521,,6,0,-0.2885|9.1325
47742604,,2,0,-1.0535|10.6425
48614747,,1,0,-2.1435|10.3075
55037315,,9,0,-0.2135|7.7975
54723784,,9,0,0.3515|7.9225
58196474,,14,0,-1.2185|6.5125
59906756,,13,0,-2.6785|5.7575
58693414,,15,0,0.2415|6.3025
52201971,,6,0,-0.3885|8.9175
47626757,,3,0,-0.2335|10.6875
58704353,,13,0,-2.5485|6.2975
58796543,,15,0,0.1965|6.2575
51728784,,4,0,-2.6685|9.1025
51933775,,5,0,-0.9935|9.0225
50405765,,2,0,-1.5235|9.6175
51959138,,4,0,-1.9735|9.0125
55675684,,9,0,-0.1785|7.5425
58807307,,13,0,-3.0135|6.2525
50985876,,6,0,-0.4385|9.3925
52074552,,6,0,0.2765|8.9675
59434278,,13,0,-2.6735|5.9725
52762058,,5,0,-0.9585|8.6975
46790693,,2,0,-1.4185|11.0175
59566589,,13,0,-2.9885|5.9125
60839798,,16,0,-1.9285|5.3175
60819054,,16,0,-1.5035|5.3275
57045582,,10,0,-2.1385|6.9875
49111193,,2,0,-0.6685|10.1175
57702058,,12,0,0.4665|6.7175
48484332,,3,0,0.1265|10.3575
53054706,,6,0,-0.2485|8.5825
50831143,,4,0,-2.0935|9.4525
49241058,,1,0,-2.2635|10.0675
58340771,,15,0,-0.0385|6.4525
58944119,,15,0,-0.0735000000000001|6.1925
48889530,,2,0,-0.7185|10.2025
55650538,,8,0,-0.7735|7.5525
47703954,,2,0,-0.6835|10.6575
51345414,,6,0,-0.1135|9.2525
53562527,,8,0,-1.4735|8.3825
59056152,,13,0,-2.4485|6.1425
60662518,,16,0,-1.1535|5.4025
49993158,,2,0,-0.8235|9.7775
61108481,,16,0,-1.7985|5.1875
57810527,,10,0,-2.0935|6.6725
59423186,,13,0,-2.8535|5.9775
61534917,,16,0,-2.0435|4.9675
61316462,,16,0,-2.8635|5.0825
50960189,,6,0,-0.3585|9.4025
53397760,,9,0,0.5215|8.4475
48980962,,3,0,-0.1235|10.1675
57033791,,12,0,-0.1085|6.9925
51498707,,4,0,-1.7185|9.1925
47677746,,1,0,-2.6835|10.6675
50044437,,1,0,-2.7185|9.7575
51178202,,4,0,-2.3385|9.3175
46903629,,1,0,-2.7135|10.9725
56049780,,12,0,0.6015|7.3925
53841769,,9,0,-0.1485|8.2725
57069908,,10,0,-2.4535|6.9775
48157093,,2,0,-0.9685|10.4825
51805629,,4,0,-2.2435|9.0725
47665113,,2,0,-1.4785|10.6725
51447347,,4,0,-2.5485|9.2125
47910482,,2,0,-1.3935|10.5775
49811925,,1,0,-2.0285|9.8475
53257998,,9,0,0.5465|8.5025
60683243,,16,0,-2.1635|5.3925
61441023,,16,0,-1.7285|5.0175
57447064,,11,0,-1.4035|6.8225
53460755,,7,0,-2.2435|8.4225
51268348,,5,0,-0.8335|9.2825
48967591,,1,0,-1.7685|10.1725
51728942,,4,0,-1.8785|9.1025
59896122,,14,0,-1.5185|5.7625
48053046,,2,0,-1.1985|10.5225
57859209,,12,0,-0.5085|6.6525
55999875,,12,0,-0.0285000000000002|7.4125
49980155,,2,0,-1.2335|9.7825
57325526,,10,0,-2.1335|6.8725
49513816,,1,0,-2.7285|9.9625
57798567,,11,0,-1.4035|6.6775
51383531,,4,0,-1.5985|9.2375
56531549,,10,0,-1.6935|7.1975
54472531,,9,0,-0.1735|8.0225
58762223,,15,0,0.0114999999999998|6.2725
57143535,,12,0,0.0815000000000001|6.9475
61268077,,16,0,-1.6185|5.1075
61138689,,16,0,-2.2585|5.1725
54384317,,8,0,-1.2235|8.0575
51511576,,5,0,-1.3635|9.1875
49137237,,2,0,-0.7285|10.1075
57847150,,12,0,-0.3685|6.6575
59885435,,15,0,-0.5085|5.7675
48980550,,1,0,-2.1835|10.1675
51511764,,6,0,-0.4235|9.1875
58542541,,14,0,-1.2735|6.3675
57301241,,10,0,-2.0585|6.8825
47664953,,1,0,-2.2785|10.6725
52647162,,4,0,-2.6235|8.7425
53512161,,9,0,0.6865|8.4025
58887523,,15,0,-0.0485000000000002|6.2175
49241323,,2,0,-0.9385|10.0675
47936327,,1,0,-1.5685|10.5675
50289652,,1,0,-1.8535|9.6625
57265033,,11,0,-0.7785|6.8975
47143167,,2,0,-1.0885|10.8775
58519172,,14,0,-1.1935|6.3775
57118702,,10,0,-2.2785|6.9575
55487700,,9,0,0.2315|7.6175
53486737,,9,0,0.6015|8.4125
49475026,,1,0,-2.0285|9.9775
61188918,,16,0,-1.8535|5.1475
56593051,,11,0,-1.4535|7.1725
56383677,,10,0,-1.9385|7.2575
47408915,,1,0,-1.6235|10.7725
60346051,,13,0,-1.7235|5.5525
59079061,,15,0,0.0415000000000001|6.1325
59390369,,14,0,-0.9885|5.9925
59753774,,14,0,-1.5385|5.8275
57846814,,10,0,-2.0485|6.6575
57070099,,11,0,-1.4985|6.9775
61316567,,16,0,-2.3385|5.0825
58400660,,15,0,-0.3735|6.4275
57810374,,10,0,-2.8585|6.6725
52596651,,5,0,-0.5685|8.7625
54283941,,9,0,0.1015|8.0975
51485962,,5,0,-1.4535|9.1975
56519013,,10,0,-2.8685|7.2025
61581462,,16,0,-1.9435|4.9425
48379157,,3,0,-0.4685|10.3975
55824998,,10,0,-2.9535|7.4825
59776157,,15,0,0.6515|5.8175
51985188,,6,0,0.5015|9.0025
61336018,,16,0,-1.7185|5.0725
57750091,,10,0,-1.6735|6.6975
52863570,,4,0,-2.4485|8.6575
55049381,,7,0,-2.5385|7.7925
61098379,,16,0,-1.5085|5.1925
61737980,,16,0,-1.9335|4.8575
52393133,,6,0,0.5365|8.8425
57142895,,10,0,-3.1185|6.9475
49345612,,3,0,0.3815|10.0275
60819193,,16,0,-0.8085|5.3275
48209028,,1,0,-1.9835|10.4625
58292499,,14,0,-1.4335|6.4725
47485467,,1,0,-1.7985|10.7425
47459760,,1,0,-2.5935|10.7525
53283035,,8,0,-1.2735|8.4925
54698343,,8,0,-1.2735|7.9325
50702191,,4,0,-2.3635|9.5025
58100640,,12,0,0.6415|6.5525
55174966,,8,0,-0.9035|7.7425
57689401,,10,0,-2.2335|6.7225
58376541,,14,0,-1.0735|6.4375
52672681,,4,0,-2.3185|8.7325
53562721,,9,0,-0.5035|8.3825
61374517,,16,0,-1.4585|5.0525
56580519,,10,0,-2.6885|7.1775
53613745,,9,0,0.7365|8.3625
50972948,,5,0,-0.8235|9.3975
52252899,,5,0,-0.5985|8.8975
52022904,,4,0,-2.5385|8.9875
51114140,,4,0,-1.5935|9.3425
53168935,,8,0,-0.7385|8.5375
51486049,,5,0,-1.0185|9.1975
55500093,,9,0,-0.4485|7.6125
58681295,,13,0,-2.8285|6.3075
51882922,,6,0,0.4265|9.0425
58184617,,15,0,-0.4135|6.5175
55275176,,9,0,-0.3785|7.7025
59819777,,15,0,-0.5335|5.7975
58773598,,15,0,-0.3035|6.2675
55825542,,12,0,-0.2335|7.4825
57009368,,12,0,-0.2285|7.0025
52914965,,6,0,0.1415|8.6375
53537043,,7,0,-1.9135|8.3925
49863603,,1,0,-2.3285|9.8275
54296060,,7,0,-2.2535|8.0925
59863797,,15,0,0.5765|5.7775
57204330,,12,0,-0.2785|6.9225
47269651,,3,0,-0.4335|10.8275
59928870,,15,0,-0.1785|5.7475
60068623,,14,0,-0.6435|5.6825
52647707,,6,0,0.1015|8.7425
55249949,,8,0,-1.4435|7.7125
49293465,,3,0,-0.4235|10.0475
54157429,,7,0,-2.2085|8.1475
56420871,,11,0,-0.9635|7.2425
53105505,,6,0,-0.3235|8.5625
60154209,,14,0,-1.2135|5.6425
56098813,,10,0,-2.8985|7.3725
51729006,,4,0,-1.5585|9.1025
52927640,,6,0,-0.0685000000000002|8.6325
58039841,,10,0,-2.3035|6.5775
55024927,,9,0,0.5065|7.8025
48117787,,1,0,-2.3235|10.4975
51409453,,6,0,-0.0135000000000001|9.2275
56531471,,10,0,-2.0835|7.1975
57580649,,12,0,-0.4835|6.7675
53689822,,9,0,0.5065|8.3325
59885275,,14,0,-1.3085|5.7675
58704857,,15,0,-0.0285000000000002|6.2975
53955485,,8,0,-1.4635|8.2275
56776670,,10,0,-2.9485|7.0975
56899400,,11,0,-0.7285|7.0475
54447214,,8,0,-1.0635|8.0325
59190318,,13,0,-2.2435|6.0825
58184839,,15,0,0.6965|6.5175
54824041,,8,0,-0.6085|7.8825
59445366,,13,0,-2.4885|5.9675
59479029,,15,0,0.1615|5.9525
60420461,,16,0,-0.8635|5.5175
52545912,,6,0,0.4065|8.7825
57046078,,12,0,0.3415|6.9875
57130902,,10,0,-2.1885|6.9525
57774209,,10,0,-2.1735|6.6875
58483656,,13,0,-2.0535|6.3925
59874462,,14,0,-0.8035|5.7725
59742947,,14,0,-0.7935|5.8325
58612290,,14,0,-1.4685|6.3375
52265653,,6,0,-0.5135|8.8925
58471997,,14,0,-1.1485|6.3975
60046920,,13,0,-1.8285|5.6925
59895961,,13,0,-2.3235|5.7625
60954083,,16,0,-1.6535|5.2625
59820027,,15,0,0.7165|5.7975
59753664,,13,0,-2.0885|5.8275
49772997,,1,0,-2.5485|9.8625
56972235,,10,0,-2.8535|7.0175
54258415,,7,0,-1.5735|8.1075
48027344,,3,0,0.0215000000000001|10.5325
57725664,,10,0,-2.6635|6.7075
58052212,,11,0,-0.6835|6.5725
53600781,,8,0,-0.6235|8.3675
61158732,,16,0,-2.5735|5.1625
51255744,,6,0,0.3215|9.2875
56923681,,11,0,-1.4635|7.0375
61057291,,16,0,-2.2435|5.2125
48300234,,1,0,-2.0185|10.4275
48248453,,3,0,-0.2585|10.4475
52176224,,4,0,-1.7035|8.9275
59134958,,15,0,-0.0985|6.1075
51153065,,6,0,0.3815|9.3275
56678895,,10,0,-1.7685|7.1375
52494706,,5,0,-0.9435|8.8025
59100922,,13,0,-2.5835|6.1225
58507208,,13,0,-2.4285|6.3825
46992135,,3,0,-0.2885|10.9375
58400285,,13,0,-2.2485|6.4275
56691575,,12,0,0.3265|7.1325
46790889,,3,0,-0.4385|11.0175
58184106,,13,0,-2.9685|6.5175
56531823,,12,0,-0.3235|7.1975
53955805,,9,0,0.1365|8.2275
52405365,,4,0,-1.9635|8.8375
55875465,,12,0,0.1915|7.4625
52443697,,5,0,-1.3085|8.8225
51370702,,4,0,-1.7235|9.2425
58818677,,13,0,-3.1585|6.2475
51409311,,5,0,-0.7235|9.2275
49449122,,1,0,-1.7135|9.9875
51844171,,5,0,-1.4585|9.0575
59157287,,15,0,-0.1235|6.0975
56247639,,10,0,-2.5235|7.3125
50083597,,3,0,-0.5035|9.7425
54170599,,9,0,0.5865|8.1425
56507233,,12,0,-0.2535|7.2075
50109034,,1,0,-2.2985|9.7325
52227518,,6,0,-0.0935000000000001|8.9075
47193395,,1,0,-2.4435|10.8575
61664568,,16,0,-2.0185|4.8975
54937190,,9,0,0.6065|7.8375
52431103,,5,0,-0.6085|8.8275
56642320,,11,0,-0.6435|7.1525
51575421,,4,0,-2.0685|9.1625
49876916,,3,0,-0.4085|9.8225
54170197,,8,0,-1.4235|8.1425
49006597,,1,0,-2.3485|10.1575
51165284,,4,0,-2.7285|9.3225
48300110,,1,0,-2.6385|10.4275
59928941,,15,0,0.1765|5.7475
55349745,,7,0,-2.0435|7.6725
58704330,,13,0,-2.6635|6.2975
58989302,,15,0,0.3265|6.1725
55787878,,11,0,-1.4935|7.4975
58424190,,13,0,-2.4135|6.4175
50870137,,6,0,-0.3085|9.4375
56581099,,12,0,0.2115|7.1775
60777455,,16,0,-1.0685|5.3475
52940025,,4,0,-1.7135|8.6275
57931894,,12,0,0.5765|6.6225
48484205,,3,0,-0.5085|10.3575
47067460,,2,0,-1.4235|10.9075
56580984,,12,0,-0.3635|7.1775
58316472,,13,0,-1.5685|6.4625
52711225,,6,0,-0.5385|8.7175
60260993,,14,0,-1.3885|5.5925
57991783,,10,0,-1.5585|6.5975
56935806,,10,0,-1.8885|7.0325
59993102,,13,0,-2.1885|5.7175
59545034,,14,0,-0.6385|5.9225
52482248,,6,0,0.4365|8.8075
56752903,,12,0,0.6515|7.1075
55512684,,9,0,-0.1885|7.6075
50624905,,4,0,-1.9685|9.5325
50250927,,1,0,-2.0735|9.6775
51614104,,5,0,-0.5735|9.1475
59917982,,14,0,-0.6835|5.7525
49889499,,1,0,-2.1335|9.8175
60239541,,13,0,-2.0285|5.6025
58256874,,15,0,0.5015|6.4875
49915270,,1,0,-2.5585|9.8075
58612694,,15,0,0.5515|6.3375
55237421,,8,0,-1.5285|7.7175
57386063,,10,0,-3.0235|6.8475
58955334,,15,0,-0.4535|6.1875
58364894,,15,0,0.6465|6.4425
47307694,,3,0,-0.1735|10.8125
50148181,,3,0,0.00649999999999995|9.7175
59622009,,14,0,-0.9935|5.8875
60652178,,16,0,-0.4835|5.4075
59033847,,13,0,-1.7735|6.1525
52278248,,5,0,-1.2135|8.8875
52329362,,6,0,-0.1935|8.8675
48143778,,1,0,-2.4635|10.4875
58727242,,13,0,-2.9585|6.2875
59786771,,14,0,-1.1235|5.8125
60377848,,16,0,-1.9635|5.5375
54736005,,8,0,-1.3435|7.9175
60808385,,16,0,-2.7585|5.3325
59939508,,14,0,-0.9085|5.7425
61036734,,16,0,-2.1635|5.2225
61178976,,16,0,-1.5735|5.1525
56886888,,10,0,-2.2035|7.0525
56580884,,11,0,-0.8635|7.1775
52838290,,4,0,-1.6185|8.6675
56568200,,10,0,-2.8435|7.1825
53410327,,9,0,-0.1985|8.4425
58750511,,14,0,-1.2885|6.2775
61506826,,16,0,-2.0085|4.9825
59523093,,15,0,-0.1435|5.9325
56371287,,10,0,-2.1885|7.2625
54497468,,8,0,-1.1535|8.0125
59434486,,13,0,-1.6335|5.9725
57847286,,12,0,0.3115|6.6575
47962397,,2,0,-0.7135|10.5575
60746155,,16,0,-0.9935|5.3625
57216428,,11,0,-0.6085|6.9175
58148477,,14,0,-0.7785|6.5325
57155246,,10,0,-2.2535|6.9425
58052023,,10,0,-1.6285|6.5725
57447385,,12,0,0.2015|6.8225
60871012,,16,0,-1.8685|5.3025
50341273,,1,0,-1.6235|9.6425
58495753,,14,0,-0.7385|6.3875
50031851,,2,0,-1.1085|9.7625
54018598,,7,0,-2.0335|8.2025
47319895,,1,0,-2.4985|10.8075
59033731,,13,0,-2.3535|6.1525
59489606,,13,0,-2.1335|5.9475
60175583,,14,0,-1.3185|5.6325
55399605,,7,0,-2.2735|7.6525
49773431,,3,0,-0.3785|9.8625
54018884,,8,0,-0.6035|8.2025
56875073,,12,0,-0.1785|7.0575
57556081,,10,0,-2.0785|6.7775
52965896,,6,0,0.5065|8.6175
54748551,,8,0,-1.4085|7.9125
60036186,,13,0,-1.7835|5.6975
57021658,,12,0,0.2215|6.9975
59874682,,15,0,0.2965|5.7725
49163059,,1,0,-1.8435|10.0975
51997818,,6,0,-0.2235|8.9975
59112683,,15,0,0.2965|6.1175
50741238,,6,0,-0.4585|9.4875
57313644,,11,0,-0.7985|6.8775
47319901,,1,0,-2.4685|10.8075
53308415,,8,0,-1.4285|8.4825
56037135,,12,0,-0.3885|7.3975
59567244,,15,0,0.2865|5.9125
60057557,,13,0,-2.3235|5.6875
48104782,,1,0,-2.3335|10.5025
53130525,,4,0,-2.2585|8.5525
57386118,,10,0,-2.7485|6.8475
54560082,,7,0,-2.1035|7.9875
57967997,,12,0,0.1015|6.6075
51101182,,4,0,-2.1535|9.3475
51639885,,6,0,0.4665|9.1375
48497051,,1,0,-1.7835|10.3525
50766713,,4,0,-1.9585|9.4775
57301269,,10,0,-1.9185|6.8825
